Name,Team,Pos,BYE,POS. RANK,
Aaron Rodgers, GB,QB,8,1,
Tom Brady, NE,QB,9,2,
Drew Brees, NO,QB,5,3,
Andrew Luck,IND,QB,11,4,
Matt Ryan,ATL,QB,5,5,
Russell Wilson,SEA,QB,6,6,
Ben Roethlisberger,PIT,QB,9,7,
Cam Newton,CAR,QB,11,8,
Dak Prescott,DAL,QB,6,9,
Marcus Mariota,TEN,QB,8,10,
Derek Carr,OAK,QB,10,11,
Kirk Cousins,WAS,QB,5,12,
Jameis Winston, TB,QB,11,13,
Philip Rivers,LAC,QB,9,14,
Matthew Stafford,DET,QB,7,15,
Tyrod Taylor,BUF,QB,6,16,
Eli Manning,NYG,QB,8,17,
Andy Dalton,CIN,QB,6,18,
Carson Wentz,PHI,QB,10,19,
Blake Bortles,JAC,QB,8,20,
Carson Palmer,ARI,QB,8,21,
Ryan Tannehill,MIA,QB,11,22,
Mitch Trubisky,CHI,QB,8,23,
Jared Goff,LAR,QB,8,24,
Mike Glennon,CHI,QB,8,25,
Colin Kaepernick, SF,QB,11,26,
Deshaun Watson,HOU,QB,7,27,
Robert Griffin, FA,QB,N/A,28,
Sam Bradford,MIN,QB,9,29,
Joe Flacco,BAL,QB,10,30,
Jimmy Garoppolo, NE,QB,9,31,
Alex Smith, KC,QB,10,32,
Josh McCown,NYJ,QB,11,33,
Trevor Siemian,DEN,QB,5,34,
Brian Hoyer, SF,QB,11,35,
Cody Kessler,CLE,QB,9,36,
Patrick Mahomes, KC,QB,10,37,
Brock Osweiler,CLE,QB,9,38,
Tom Savage,HOU,QB,7,39,
DeShone Kizer,CLE,QB,9,40,
C.J. Beathard, SF,QB,11,41,
Teddy Bridgewater,MIN,QB,9,42,
Jay Cutler, FA,QB,N/A,43,
Paxton Lynch,DEN,QB,5,44,
Christian Hackenberg,NYJ,QB,11,45,
Ryan Fitzpatrick,NYJ,QB,11,46,
Matt Moore,MIA,QB,11,47,
Bryce Petty,NYJ,QB,11,48,
AJ McCarron,CIN,QB,6,49,
Landry Jones,PIT,QB,9,50,
Matt Barkley, SF,QB,11,51,
Brett Hundley, GB,QB,8,52,
Geno Smith,NYG,QB,8,53,
Derek Anderson,CAR,QB,11,54,
Chase Daniel, NO,QB,5,55,
Drew Stanton,ARI,QB,8,56,
Sean Mannion,LAR,QB,8,57,
David Johnson,ARI,RB,8,1,
Le'Veon Bell,PIT,RB,9,2,
Ezekiel Elliott,DAL,RB,6,3,
LeSean McCoy,BUF,RB,6,4,
Devonta Freeman,ATL,RB,5,5,
Melvin Gordon,LAC,RB,9,6,
Jordan Howard,CHI,RB,8,7,
Jay Ajayi,MIA,RB,11,8,
DeMarco Murray,TEN,RB,8,9,
Lamar Miller,HOU,RB,7,10,
Carlos Hyde, SF,RB,11,11,
Todd Gurley,LAR,RB,8,12,
C.J. Anderson,DEN,RB,5,13,
Spencer Ware, KC,RB,10,14,
Ty Montgomery, GB,RB,8,15,
Mark Ingram, NO,RB,5,16,
Tevin Coleman,ATL,RB,5,17,
Isaiah Crowell,CLE,RB,9,18,
Eddie Lacy,SEA,RB,6,19,
Bilal Powell,NYJ,RB,11,20,
Robert Kelley,WAS,RB,5,21,
Danny Woodhead,BAL,RB,10,22,
Ameer Abdullah,DET,RB,7,23,
Leonard Fournette,JAC,RB,8,24,
Theo Riddick,DET,RB,7,25,
Frank Gore,IND,RB,11,26,
Latavius Murray,MIN,RB,9,27,
Christian McCaffrey,CAR,RB,11,28,
Paul Perkins,NYG,RB,8,29,
Kenneth Dixon,BAL,RB,10,30,
Matt Forte,NYJ,RB,11,31,
Marshawn Lynch,OAK,RB,10,32,
Jonathan Stewart,CAR,RB,11,33,
Adrian Peterson, NO,RB,5,34,
C.J. Prosise,SEA,RB,6,35,
Derrick Henry,TEN,RB,8,36,
Jeremy Hill,CIN,RB,6,37,
Doug Martin, TB,RB,11,38,
Joe Mixon,CIN,RB,6,39,
Giovani Bernard,CIN,RB,6,40,
Dion Lewis, NE,RB,9,41,
Rex Burkhead, NE,RB,9,42,
James White, NE,RB,9,43,
Dalvin Cook,MIN,RB,9,44,
Thomas Rawls,SEA,RB,6,45,
Duke Johnson,CLE,RB,9,46,
Mike Gillislee, NE,RB,9,47,
Jamaal Charles,DEN,RB,5,48,
Charles Sims, TB,RB,11,49,
Darren Sproles,PHI,RB,10,50,
Ryan Mathews,PHI,RB,10,51,
Jerick McKinnon,MIN,RB,9,52,
LeGarrette Blount, NE,RB,9,53,
Samaje Perine,WAS,RB,5,54,
Kareem Hunt, KC,RB,10,55,
Chris Thompson,WAS,RB,5,56,
Jamaal Williams, GB,RB,8,57,
Wendell Smallwood,PHI,RB,10,58,
Zach Zenner,DET,RB,7,59,
Chris Ivory,JAC,RB,8,60,
Alvin Kamara, NO,RB,5,61,
Jacquizz Rodgers, TB,RB,11,62,
T.J. Yeldon,JAC,RB,8,63,
Jalen Richard,OAK,RB,10,64,
Tim Hightower, SF,RB,11,65,
Terrance West,BAL,RB,10,66,
Joe Williams, SF,RB,11,67,
Marlon Mack,IND,RB,11,68,
D'Onta Foreman,HOU,RB,7,69,
Darren McFadden,DAL,RB,6,70,
Shane Vereen,NYG,RB,8,71,
DeAndre Washington,OAK,RB,10,72,
Jeremy Langford,CHI,RB,8,73,
Christine Michael, FA,RB,N/A,74,
DeAngelo Williams,PIT,RB,9,75,
Charcandrick West, KC,RB,10,76,
Devontae Booker,DEN,RB,5,77,
Benny Cunningham,LAR,RB,8,78,
Robert Turbin,IND,RB,11,79,
Wayne Gallman,NYG,RB,8,80,
Kyle Juszczyk, SF,RB,11,81,
Fitzgerald Toussaint,PIT,RB,9,82,
Matt Jones,WAS,RB,5,83,
Damien Williams,MIA,RB,11,84,
Travaris Cadet, NO,RB,5,85,
Alfred Morris,DAL,RB,6,86,
Javorius Allen,BAL,RB,10,87,
Kenyan Drake,MIA,RB,11,88,
Rashad Jennings, FA,RB,N/A,89,
Lance Dunbar,LAR,RB,8,90,
Dwayne Washington,DET,RB,7,91,
Jeremy McNichols, TB,RB,11,92,
Jonathan Williams,BUF,RB,6,93,
Shaun Draughn,NYG,RB,8,94,
Corey Grant,JAC,RB,8,95,
Branden Oliver,LAC,RB,9,96,
Jonathan Grimes, FA,RB,N/A,97,
James Conner,PIT,RB,9,98,
Cameron Artis-Payne,CAR,RB,11,99,
James Starks, FA,RB,N/A,100,
Andre Ellington,ARI,RB,8,101,
Tarik Cohen,CHI,RB,8,102,
Ronnie Hillman,LAC,RB,9,103,
Alfred Blue,HOU,RB,7,104,
Alex Collins,SEA,RB,6,105,
Josh Ferguson,IND,RB,11,106,
Kenjon Barner,LAR,RB,8,107,
Chris Johnson, FA,RB,N/A,108,
Brian Hill,ATL,RB,5,109,
Ka'Deem Carey,CHI,RB,8,110,
Andre Williams,LAC,RB,9,111,
Antonio Brown,PIT,WR,9,1,
Julio Jones,ATL,WR,5,2,
Odell Beckham Jr.,NYG,WR,8,3,
Mike Evans, TB,WR,11,4,
A.J. Green,CIN,WR,6,5,
Jordy Nelson, GB,WR,8,6,
Dez Bryant,DAL,WR,6,7,
T.Y. Hilton,IND,WR,11,8,
Amari Cooper,OAK,WR,10,9,
DeAndre Hopkins,HOU,WR,7,10,
Michael Thomas, NO,WR,5,11,
Keenan Allen,LAC,WR,9,12,
Doug Baldwin,SEA,WR,6,13,
Alshon Jeffery,PHI,WR,10,14,
Brandin Cooks, NE,WR,9,15,
Sammy Watkins,BUF,WR,6,16,
Demaryius Thomas,DEN,WR,5,17,
Davante Adams, GB,WR,8,18,
Jarvis Landry,MIA,WR,11,19,
Allen Robinson,JAC,WR,8,20,
Julian Edelman, NE,WR,9,21,
Michael Crabtree,OAK,WR,10,22,
Golden Tate,DET,WR,7,23,
Terrelle Pryor,WAS,WR,5,24,
Larry Fitzgerald,ARI,WR,8,25,
Emmanuel Sanders,DEN,WR,5,26,
Jamison Crowder,WAS,WR,5,27,
Donte Moncrief,IND,WR,11,28,
Stefon Diggs,MIN,WR,9,29,
Brandon Marshall,NYG,WR,8,30,
Kelvin Benjamin,CAR,WR,11,31,
Eric Decker,NYJ,WR,11,32,
Tyreek Hill, KC,WR,10,33,
DeSean Jackson, TB,WR,11,34,
Jordan Matthews,PHI,WR,10,35,
Willie Snead, NO,WR,5,36,
Rishard Matthews,TEN,WR,8,37,
Corey Coleman,CLE,WR,9,38,
Cameron Meredith,CHI,WR,8,39,
Randall Cobb, GB,WR,8,40,
Pierre Garcon, SF,WR,11,41,
Devante Parker,MIA,WR,11,42,
Jeremy Maclin, KC,WR,10,43,
Kenny Britt,CLE,WR,9,44,
Adam Thielen,MIN,WR,9,45,
Sterling Shepard,NYG,WR,8,46,
Tyrell Williams,LAC,WR,9,47,
Breshad Perriman,BAL,WR,10,48,
John Brown,ARI,WR,8,49,
Kevin White,CHI,WR,8,50,
Marvin Jones,DET,WR,7,51,
Josh Doctson,WAS,WR,5,52,
Marqise Lee,JAC,WR,8,53,
Tyler Lockett,SEA,WR,6,54,
Robert Woods,LAR,WR,8,55,
Malcolm Mitchell, NE,WR,9,56,
Corey Davis,TEN,WR,8,57,
Will Fuller,HOU,WR,7,58,
Kenny Stills,MIA,WR,11,59,
Martavis Bryant,PIT,WR,9,60,
Mike Wallace,BAL,WR,10,61,
J.J. Nelson,ARI,WR,8,62,
Ted Ginn, NO,WR,5,63,
Mike Williams,LAC,WR,9,64,
Cole Beasley,DAL,WR,6,65,
John Ross,CIN,WR,6,66,
Devin Funchess,CAR,WR,11,67,
Josh Gordon,CLE,WR,9,68,
Eli Rogers,PIT,WR,9,69,
Tajae Sharpe,TEN,WR,8,70,
Robby Anderson,NYJ,WR,11,71,
Taylor Gabriel,ATL,WR,5,72,
Torrey Smith,PHI,WR,10,73,
Chris Hogan, NE,WR,9,74,
Quincy Enunwa,NYJ,WR,11,75,
Travis Benjamin,LAC,WR,9,76,
Stevie Johnson, FA,WR,N/A,77,
Allen Hurns,JAC,WR,8,78,
Brian Quick,WAS,WR,5,79,
Zay Jones,BUF,WR,6,80,
Tyler Boyd,CIN,WR,6,81,
Rashard Higgins,CLE,WR,9,82,
Jaelen Strong,HOU,WR,7,83,
Michael Floyd, NE,WR,9,84,
Tavon Austin,LAR,WR,8,85,
Seth Roberts,OAK,WR,10,86,
Vincent Jackson, TB,WR,11,87,
Adam Humphries, TB,WR,11,88,
Sammie Coates,PIT,WR,9,89,
Jeremy Kerley, SF,WR,11,90,
Kendall Wright,CHI,WR,8,91,
Mohamed Sanu,ATL,WR,5,92,
Kamar Aiken,IND,WR,11,93,
Bruce Ellington, SF,WR,11,94,
Laquon Treadwell,MIN,WR,9,95,
Terrance Williams,DAL,WR,6,96,
Cooper Kupp,LAR,WR,8,97,
Juju Smith-Schuster,PIT,WR,9,98,
Dontrelle Inman,LAC,WR,9,99,
Brandon LaFell,CIN,WR,6,100,
Markus Wheaton,CHI,WR,8,101,
Chris Conley, KC,WR,10,102,
Paul Richardson,SEA,WR,6,103,
Braxton Miller,HOU,WR,7,104,
Nelson Agholor,PHI,WR,10,105,
Phillip Dorsett,IND,WR,11,106,
Dorial Green-Beckham,PHI,WR,10,107,
Leonte Carroo,MIA,WR,11,108,
Anquan Boldin, FA,WR,N/A,109,
Brandon Coleman, NO,WR,5,110,
Curtis Samuel,CAR,WR,11,111,
Danny Amendola, NE,WR,9,112,
Taywan Taylor,TEN,WR,8,113,
Josh Reynolds,LAR,WR,8,114,
ArDarius Stewart,NYJ,WR,11,115,
Carlos Henderson,DEN,WR,5,116,
Eddie Royal,CHI,WR,8,117,
Mike Thomas,LAR,WR,8,118,
Chris Godwin, TB,WR,11,119,
Jermaine Kearse,SEA,WR,6,120,
Kenny Golladay,DET,WR,7,121,
Marquise Goodwin, SF,WR,11,122,
Amara Darboh,SEA,WR,6,123,
Chad Hansen,NYJ,WR,11,124,
Dede Westbrook,JAC,WR,8,125,
Darrius Heyward-Bey,PIT,WR,9,126,
Victor Cruz, FA,WR,N/A,127,
Mack Hollins,PHI,WR,10,128,
Shelton Gibson,PHI,WR,10,129,
TJ Jones,DET,WR,7,130,
Jeff Janis, GB,WR,8,131,
Charles Johnson,CAR,WR,11,132,
Rueben Randle,CHI,WR,8,133,
Noah Brown,DAL,WR,6,134,
Cordarrelle Patterson,OAK,WR,10,135,
Jaron Brown,ARI,WR,8,136,
Rob Gronkowski, NE,TE,9,1,
Travis Kelce, KC,TE,10,2,
Jordan Reed,WAS,TE,5,3,
Greg Olsen,CAR,TE,11,4,
Tyler Eifert,CIN,TE,6,5,
Jimmy Graham,SEA,TE,6,6,
Delanie Walker,TEN,TE,8,7,
Martellus Bennett, GB,TE,8,8,
Hunter Henry,LAC,TE,9,9,
Zach Ertz,PHI,TE,10,10,
Kyle Rudolph,MIN,TE,9,11,
Eric Ebron,DET,TE,7,12,
Jack Doyle,IND,TE,11,13,
C.J. Fiedorowicz,HOU,TE,7,14,
Cameron Brate, TB,TE,11,15,
Antonio Gates,LAC,TE,9,16,
Jason Witten,DAL,TE,6,17,
Jared Cook,OAK,TE,10,18,
Ladarius Green,PIT,TE,9,19,
Coby Fleener, NO,TE,5,20,
Zach Miller,CHI,TE,8,21,
Austin Hooper,ATL,TE,5,22,
Julius Thomas,MIA,TE,11,23,
Vance McDonald, SF,TE,11,24,
O.J. Howard, TB,TE,11,25,
Dwayne Allen, NE,TE,9,26,
Charles Clay,BUF,TE,6,27,
Evan Engram,NYG,TE,8,28,
Dennis Pitta,BAL,TE,10,29,
A.J. Derby,DEN,TE,5,30,
Tyler Higbee,LAR,TE,8,31,
David Njoku,CLE,TE,9,32,
Lance Kendricks, GB,TE,8,33,
Vernon Davis,WAS,TE,5,34,
Will Tye,NYG,TE,8,35,
Erik Swoope,IND,TE,11,36,
Seth DeValve,CLE,TE,9,37,
Jesse James,PIT,TE,9,38,
Gary Barnidge, FA,TE,N/A,39,
Jermaine Gresham,ARI,TE,8,40,
Clive Walford,OAK,TE,10,41,
Maxx Williams,BAL,TE,10,42,
Dion Sims,CHI,TE,8,43,
Austin Seferian-Jenkins,NYJ,TE,11,44,
Virgil Green,DEN,TE,5,45,
Benjamin Watson,BAL,TE,10,46,
Adam Shaheen,CHI,TE,8,47,
Gerald Everett,LAR,TE,8,48,
Jake Butt,DEN,TE,5,49,
Jacob Tamme, FA,TE,N/A,50,
Ryan Griffin, FA,TE,N/A,51,
Crockett Gillmore,BAL,TE,10,52,
Jordan Leggett,NYJ,TE,11,53,
Jonnu Smith,TEN,TE,8,54,
Trey Burton,PHI,TE,10,55,
Richard Rodgers, GB,TE,8,56,
Stephen Anderson,HOU,TE,7,57,
