Name,Team,Pos,BYE,POS. RANK,
Aaron Rodgers, GB,QB,8,1,
Tom Brady, NE,QB,9,2,
Drew Brees, NO,QB,5,3,
Andrew Luck,IND,QB,11,4,
Matt Ryan,ATL,QB,5,5,
Russell Wilson,SEA,QB,6,6,
Ben Roethlisberger,PIT,QB,9,7,
Cam Newton,CAR,QB,11,8,
Dak Prescott,DAL,QB,6,9,
Marcus Mariota,TEN,QB,8,10,
Derek Carr,OAK,QB,10,11,
Kirk Cousins,WAS,QB,5,12,
Jameis Winston, TB,QB,11,13,
Philip Rivers,LAC,QB,9,14,
Matthew Stafford,DET,QB,7,15,
Tyrod Taylor,BUF,QB,6,16,
Eli Manning,NYG,QB,8,17,
Andy Dalton,CIN,QB,6,18,
Carson Wentz,PHI,QB,10,19,
Blake Bortles,JAC,QB,8,20,
Carson Palmer,ARI,QB,8,21,
Ryan Tannehill,MIA,QB,11,22,
Mitch Trubisky,CHI,QB,8,23,
Jared Goff,LAR,QB,8,24,
Mike Glennon,CHI,QB,8,25,
Colin Kaepernick, SF,QB,11,26,
Deshaun Watson,HOU,QB,7,27,
Robert Griffin, FA,QB,N/A,28,
Sam Bradford,MIN,QB,9,29,
Joe Flacco,BAL,QB,10,30,
Jimmy Garoppolo, NE,QB,9,31,
Alex Smith, KC,QB,10,32,
Josh McCown,NYJ,QB,11,33,
Trevor Siemian,DEN,QB,5,34,
Brian Hoyer, SF,QB,11,35,
Cody Kessler,CLE,QB,9,36,
Patrick Mahomes, KC,QB,10,37,
Brock Osweiler,CLE,QB,9,38,
Tom Savage,HOU,QB,7,39,
DeShone Kizer,CLE,QB,9,40,
C.J. Beathard, SF,QB,11,41,
Teddy Bridgewater,MIN,QB,9,42,
Jay Cutler, FA,QB,N/A,43,
Paxton Lynch,DEN,QB,5,44,
Christian Hackenberg,NYJ,QB,11,45,
Ryan Fitzpatrick,NYJ,QB,11,46,
Matt Moore,MIA,QB,11,47,
Bryce Petty,NYJ,QB,11,48,
AJ McCarron,CIN,QB,6,49,
Landry Jones,PIT,QB,9,50,
Matt Barkley, SF,QB,11,51,
Brett Hundley, GB,QB,8,52,
Geno Smith,NYG,QB,8,53,
Derek Anderson,CAR,QB,11,54,
Chase Daniel, NO,QB,5,55,
Drew Stanton,ARI,QB,8,56,
Sean Mannion,LAR,QB,8,57,
David Johnson,ARI,RB,8,1,
Le'Veon Bell,PIT,RB,9,2,
Ezekiel Elliott,DAL,RB,6,3,
LeSean McCoy,BUF,RB,6,4,
Devonta Freeman,ATL,RB,5,5,
Melvin Gordon,LAC,RB,9,6,
Jordan Howard,CHI,RB,8,7,
Jay Ajayi,MIA,RB,11,8,
DeMarco Murray,TEN,RB,8,9,
Todd Gurley,LAR,RB,8,10,
Carlos Hyde, SF,RB,11,11,
Lamar Miller,HOU,RB,7,12,
Spencer Ware, KC,RB,10,13,
C.J. Anderson,DEN,RB,5,14,
Mark Ingram, NO,RB,5,15,
Tevin Coleman,ATL,RB,5,16,
Isaiah Crowell,CLE,RB,9,17,
Ty Montgomery, GB,RB,8,18,
Eddie Lacy,SEA,RB,6,19,
Robert Kelley,WAS,RB,5,20,
Bilal Powell,NYJ,RB,11,21,
Leonard Fournette,JAC,RB,8,22,
Ameer Abdullah,DET,RB,7,23,
Frank Gore,IND,RB,11,24,
Christian McCaffrey,CAR,RB,11,25,
Latavius Murray,MIN,RB,9,26,
Danny Woodhead,BAL,RB,10,27,
Jonathan Stewart,CAR,RB,11,28,
Paul Perkins,NYG,RB,8,29,
Theo Riddick,DET,RB,7,30,
Kenneth Dixon,BAL,RB,10,31,
Marshawn Lynch,OAK,RB,10,32,
Jeremy Hill,CIN,RB,6,33,
Adrian Peterson, NO,RB,5,34,
Matt Forte,NYJ,RB,11,35,
Joe Mixon,CIN,RB,6,36,
Derrick Henry,TEN,RB,8,37,
Doug Martin, TB,RB,11,38,
C.J. Prosise,SEA,RB,6,39,
Thomas Rawls,SEA,RB,6,40,
Dalvin Cook,MIN,RB,9,41,
Giovani Bernard,CIN,RB,6,42,
Dion Lewis, NE,RB,9,43,
Jamaal Charles,DEN,RB,5,44,
Mike Gillislee, NE,RB,9,45,
Duke Johnson,CLE,RB,9,46,
LeGarrette Blount, NE,RB,9,47,
James White, NE,RB,9,48,
Rex Burkhead, NE,RB,9,49,
Charles Sims, TB,RB,11,50,
Ryan Mathews,PHI,RB,10,51,
Samaje Perine,WAS,RB,5,52,
Jerick McKinnon,MIN,RB,9,53,
Darren Sproles,PHI,RB,10,54,
Jamaal Williams, GB,RB,8,55,
Kareem Hunt, KC,RB,10,56,
Chris Ivory,JAC,RB,8,57,
Alvin Kamara, NO,RB,5,58,
Zach Zenner,DET,RB,7,59,
D'Onta Foreman,HOU,RB,7,60,
Wendell Smallwood,PHI,RB,10,61,
Joe Williams, SF,RB,11,62,
Marlon Mack,IND,RB,11,63,
T.J. Yeldon,JAC,RB,8,64,
Jalen Richard,OAK,RB,10,65,
Chris Thompson,WAS,RB,5,66,
Terrance West,BAL,RB,10,67,
Tim Hightower, SF,RB,11,68,
Jacquizz Rodgers, TB,RB,11,69,
Aaron Jones, GB,RB,8,70,
Jeremy Langford,CHI,RB,8,71,
DeAndre Washington,OAK,RB,10,72,
Christine Michael, FA,RB,N/A,73,
DeAngelo Williams,PIT,RB,9,74,
Shane Vereen,NYG,RB,8,75,
Wayne Gallman,NYG,RB,8,76,
Charcandrick West, KC,RB,10,77,
Darren McFadden,DAL,RB,6,78,
Devontae Booker,DEN,RB,5,79,
Robert Turbin,IND,RB,11,80,
Matt Jones,WAS,RB,5,81,
Alfred Morris,DAL,RB,6,82,
Jeremy McNichols, TB,RB,11,83,
Rashad Jennings, FA,RB,N/A,84,
Benny Cunningham,LAR,RB,8,85,
Damien Williams,MIA,RB,11,86,
Kenyan Drake,MIA,RB,11,87,
James Conner,PIT,RB,9,88,
Javorius Allen,BAL,RB,10,89,
Lance Dunbar,LAR,RB,8,90,
Dwayne Washington,DET,RB,7,91,
Corey Grant,JAC,RB,8,92,
Jonathan Williams,BUF,RB,6,93,
Kyle Juszczyk, SF,RB,11,94,
Cameron Artis-Payne,CAR,RB,11,95,
Shaun Draughn,NYG,RB,8,96,
Travaris Cadet, NO,RB,5,97,
Tarik Cohen,CHI,RB,8,98,
Branden Oliver,LAC,RB,9,99,
Jonathan Grimes, FA,RB,N/A,100,
James Starks, FA,RB,N/A,101,
Andre Ellington,ARI,RB,8,102,
Fitzgerald Toussaint,PIT,RB,9,103,
Josh Ferguson,IND,RB,11,104,
Alfred Blue,HOU,RB,7,105,
Chris Johnson, FA,RB,N/A,106,
Karlos Williams, FA,RB,N/A,107,
Ka'Deem Carey,CHI,RB,8,108,
Ronnie Hillman,LAC,RB,9,109,
Brian Hill,ATL,RB,5,110,
Kenjon Barner,LAR,RB,8,111,
Alex Collins,SEA,RB,6,112,
Andre Williams,LAC,RB,9,113,
Antonio Brown,PIT,WR,9,1,
Julio Jones,ATL,WR,5,2,
Odell Beckham Jr.,NYG,WR,8,3,
Mike Evans, TB,WR,11,4,
A.J. Green,CIN,WR,6,5,
Jordy Nelson, GB,WR,8,6,
Dez Bryant,DAL,WR,6,7,
T.Y. Hilton,IND,WR,11,8,
Amari Cooper,OAK,WR,10,9,
DeAndre Hopkins,HOU,WR,7,10,
Michael Thomas, NO,WR,5,11,
Doug Baldwin,SEA,WR,6,12,
Alshon Jeffery,PHI,WR,10,13,
Keenan Allen,LAC,WR,9,14,
Sammy Watkins,BUF,WR,6,15,
Brandin Cooks, NE,WR,9,16,
Allen Robinson,JAC,WR,8,17,
Demaryius Thomas,DEN,WR,5,18,
Davante Adams, GB,WR,8,19,
Jarvis Landry,MIA,WR,11,20,
Michael Crabtree,OAK,WR,10,21,
Julian Edelman, NE,WR,9,22,
Terrelle Pryor,WAS,WR,5,23,
Golden Tate,DET,WR,7,24,
Larry Fitzgerald,ARI,WR,8,25,
Emmanuel Sanders,DEN,WR,5,26,
Stefon Diggs,MIN,WR,9,27,
Donte Moncrief,IND,WR,11,28,
Brandon Marshall,NYG,WR,8,29,
Jamison Crowder,WAS,WR,5,30,
Kelvin Benjamin,CAR,WR,11,31,
Eric Decker,NYJ,WR,11,32,
DeSean Jackson, TB,WR,11,33,
Tyreek Hill, KC,WR,10,34,
Jordan Matthews,PHI,WR,10,35,
Rishard Matthews,TEN,WR,8,36,
Corey Coleman,CLE,WR,9,37,
Randall Cobb, GB,WR,8,38,
Willie Snead, NO,WR,5,39,
Pierre Garcon, SF,WR,11,40,
Devante Parker,MIA,WR,11,41,
Kenny Britt,CLE,WR,9,42,
Jeremy Maclin, KC,WR,10,43,
Cameron Meredith,CHI,WR,8,44,
Sterling Shepard,NYG,WR,8,45,
Tyrell Williams,LAC,WR,9,46,
Adam Thielen,MIN,WR,9,47,
Martavis Bryant,PIT,WR,9,48,
Corey Davis,TEN,WR,8,49,
Breshad Perriman,BAL,WR,10,50,
John Brown,ARI,WR,8,51,
Kevin White,CHI,WR,8,52,
Tyler Lockett,SEA,WR,6,53,
Marvin Jones,DET,WR,7,54,
Josh Doctson,WAS,WR,5,55,
Mike Williams,LAC,WR,9,56,
Malcolm Mitchell, NE,WR,9,57,
Will Fuller,HOU,WR,7,58,
Robert Woods,LAR,WR,8,59,
Marqise Lee,JAC,WR,8,60,
John Ross,CIN,WR,6,61,
Mike Wallace,BAL,WR,10,62,
Kenny Stills,MIA,WR,11,63,
Ted Ginn, NO,WR,5,64,
J.J. Nelson,ARI,WR,8,65,
Zay Jones,BUF,WR,6,66,
Taylor Gabriel,ATL,WR,5,67,
Devin Funchess,CAR,WR,11,68,
Cole Beasley,DAL,WR,6,69,
Torrey Smith,PHI,WR,10,70,
Josh Gordon,CLE,WR,9,71,
Eli Rogers,PIT,WR,9,72,
Quincy Enunwa,NYJ,WR,11,73,
Robby Anderson,NYJ,WR,11,74,
Chris Hogan, NE,WR,9,75,
Travis Benjamin,LAC,WR,9,76,
Brian Quick,WAS,WR,5,77,
Allen Hurns,JAC,WR,8,78,
Stevie Johnson, FA,WR,N/A,79,
Juju Smith-Schuster,PIT,WR,9,80,
Jaelen Strong,HOU,WR,7,81,
Tyler Boyd,CIN,WR,6,82,
Michael Floyd, NE,WR,9,83,
Rashard Higgins,CLE,WR,9,84,
Cooper Kupp,LAR,WR,8,85,
Tavon Austin,LAR,WR,8,86,
Tajae Sharpe,TEN,WR,8,87,
Seth Roberts,OAK,WR,10,88,
Vincent Jackson, TB,WR,11,89,
Terrance Williams,DAL,WR,6,90,
Sammie Coates,PIT,WR,9,91,
Bruce Ellington, SF,WR,11,92,
Kamar Aiken,IND,WR,11,93,
Kendall Wright,CHI,WR,8,94,
Jeremy Kerley, SF,WR,11,95,
Adam Humphries, TB,WR,11,96,
Laquon Treadwell,MIN,WR,9,97,
Mohamed Sanu,ATL,WR,5,98,
Brandon LaFell,CIN,WR,6,99,
Curtis Samuel,CAR,WR,11,100,
Dontrelle Inman,LAC,WR,9,101,
Braxton Miller,HOU,WR,7,102,
ArDarius Stewart,NYJ,WR,11,103,
Nelson Agholor,PHI,WR,10,104,
Josh Reynolds,LAR,WR,8,105,
Taywan Taylor,TEN,WR,8,106,
Chris Conley, KC,WR,10,107,
Dorial Green-Beckham,PHI,WR,10,108,
Paul Richardson,SEA,WR,6,109,
Markus Wheaton,CHI,WR,8,110,
Phillip Dorsett,IND,WR,11,111,
Chris Godwin, TB,WR,11,112,
Carlos Henderson,DEN,WR,5,113,
Brandon Coleman, NO,WR,5,114,
Leonte Carroo,MIA,WR,11,115,
Anquan Boldin, FA,WR,N/A,116,
Chad Hansen,NYJ,WR,11,117,
Kenny Golladay,DET,WR,7,118,
Amara Darboh,SEA,WR,6,119,
Dede Westbrook,JAC,WR,8,120,
Mike Thomas,LAR,WR,8,121,
Danny Amendola, NE,WR,9,122,
Jermaine Kearse,SEA,WR,6,123,
Marquise Goodwin, SF,WR,11,124,
Mack Hollins,PHI,WR,10,125,
Eddie Royal,CHI,WR,8,126,
Darrius Heyward-Bey,PIT,WR,9,127,
Shelton Gibson,PHI,WR,10,128,
Victor Cruz, FA,WR,N/A,129,
TJ Jones,DET,WR,7,130,
Rueben Randle,CHI,WR,8,131,
Charles Johnson,CAR,WR,11,132,
Jeff Janis, GB,WR,8,133,
Jaron Brown,ARI,WR,8,134,
Noah Brown,DAL,WR,6,135,
Cordarrelle Patterson,OAK,WR,10,136,
Rob Gronkowski, NE,TE,9,1,
Travis Kelce, KC,TE,10,2,
Jordan Reed,WAS,TE,5,3,
Greg Olsen,CAR,TE,11,4,
Tyler Eifert,CIN,TE,6,5,
Jimmy Graham,SEA,TE,6,6,
Delanie Walker,TEN,TE,8,7,
Martellus Bennett, GB,TE,8,8,
Hunter Henry,LAC,TE,9,9,
Zach Ertz,PHI,TE,10,10,
Eric Ebron,DET,TE,7,11,
Kyle Rudolph,MIN,TE,9,12,
Cameron Brate, TB,TE,11,13,
Jack Doyle,IND,TE,11,14,
Antonio Gates,LAC,TE,9,15,
Ladarius Green,PIT,TE,9,16,
C.J. Fiedorowicz,HOU,TE,7,17,
Jared Cook,OAK,TE,10,18,
Jason Witten,DAL,TE,6,19,
Zach Miller,CHI,TE,8,20,
O.J. Howard, TB,TE,11,21,
Coby Fleener, NO,TE,5,22,
Austin Hooper,ATL,TE,5,23,
Julius Thomas,MIA,TE,11,24,
Vance McDonald, SF,TE,11,25,
Charles Clay,BUF,TE,6,26,
Dwayne Allen, NE,TE,9,27,
Dennis Pitta,BAL,TE,10,28,
Evan Engram,NYG,TE,8,29,
Will Tye,NYG,TE,8,30,
David Njoku,CLE,TE,9,31,
Vernon Davis,WAS,TE,5,32,
A.J. Derby,DEN,TE,5,33,
Lance Kendricks, GB,TE,8,34,
Tyler Higbee,LAR,TE,8,35,
Gary Barnidge, FA,TE,N/A,36,
Jesse James,PIT,TE,9,37,
Seth DeValve,CLE,TE,9,38,
Jermaine Gresham,ARI,TE,8,39,
Gerald Everett,LAR,TE,8,40,
Clive Walford,OAK,TE,10,41,
Dion Sims,CHI,TE,8,42,
Adam Shaheen,CHI,TE,8,43,
Benjamin Watson,BAL,TE,10,44,
Jake Butt,DEN,TE,5,45,
Austin Seferian-Jenkins,NYJ,TE,11,46,
Virgil Green,DEN,TE,5,47,
Maxx Williams,BAL,TE,10,48,
Jonnu Smith,TEN,TE,8,49,
Ryan Griffin, FA,TE,N/A,50,
Jacob Tamme, FA,TE,N/A,51,
Erik Swoope,IND,TE,11,52,
Crockett Gillmore,BAL,TE,10,53,
Jordan Leggett,NYJ,TE,11,54,
Stephen Anderson,HOU,TE,7,55,
Trey Burton,PHI,TE,10,56,
Richard Rodgers, GB,TE,8,57,
