Name,Team,Pos,BYE,POS. RANK,,,
Aaron Rodgers, GB,QB,8,1,,,
Tom Brady, NE,QB,9,2,,,
Drew Brees, NO,QB,5,3,,,
Andrew Luck,IND,QB,11,4,,,
Matt Ryan,ATL,QB,5,5,,,
Russell Wilson,SEA,QB,6,6,,,
Ben Roethlisberger,PIT,QB,9,7,,,
Cam Newton,CAR,QB,11,8,,,
Dak Prescott,DAL,QB,6,9,,,
Marcus Mariota,TEN,QB,8,10,,,
Derek Carr,OAK,QB,10,11,,,
Kirk Cousins,WAS,QB,5,12,,,
Jameis Winston, TB,QB,11,13,,,
Philip Rivers,LAC,QB,9,14,,,
Matthew Stafford,DET,QB,7,15,,,
Tyrod Taylor,BUF,QB,6,16,,,
Eli Manning,NYG,QB,8,17,,,
Andy Dalton,CIN,QB,6,18,,,
Carson Wentz,PHI,QB,10,19,,,
Blake Bortles,JAC,QB,8,20,,,
Carson Palmer,ARI,QB,8,21,,,
Ryan Tannehill,MIA,QB,11,22,,,
Mitch Trubisky,CHI,QB,8,23,,,
Jared Goff,LAR,QB,8,24,,,
Mike Glennon,CHI,QB,8,25,,,
Colin Kaepernick, SF,QB,11,26,,,
Deshaun Watson,HOU,QB,7,27,,,
Robert Griffin, FA,QB,N/A,28,,,
Sam Bradford,MIN,QB,9,29,,,
Joe Flacco,BAL,QB,10,30,,,
Jimmy Garoppolo, NE,QB,9,31,,,
Alex Smith, KC,QB,10,32,,,
Josh McCown,NYJ,QB,11,33,,,
Trevor Siemian,DEN,QB,5,34,,,
Brian Hoyer, SF,QB,11,35,,,
Cody Kessler,CLE,QB,9,36,,,
Patrick Mahomes, KC,QB,10,37,,,
Brock Osweiler,CLE,QB,9,38,,,
Tom Savage,HOU,QB,7,39,,,
DeShone Kizer,CLE,QB,9,40,,,
C.J. Beathard, SF,QB,11,41,,,
Teddy Bridgewater,MIN,QB,9,42,,,
Jay Cutler, FA,QB,N/A,43,,,
Paxton Lynch,DEN,QB,5,44,,,
Christian Hackenberg,NYJ,QB,11,45,,,
Ryan Fitzpatrick,NYJ,QB,11,46,,,
Matt Moore,MIA,QB,11,47,,,
Bryce Petty,NYJ,QB,11,48,,,
AJ McCarron,CIN,QB,6,49,,,
Landry Jones,PIT,QB,9,50,,,
Matt Barkley, SF,QB,11,51,,,
Brett Hundley, GB,QB,8,52,,,
Geno Smith,NYG,QB,8,53,,,
Derek Anderson,CAR,QB,11,54,,,
Chase Daniel, NO,QB,5,55,,,
Drew Stanton,ARI,QB,8,56,,,
Sean Mannion,LAR,QB,8,57,,,
David Johnson,ARI,RB,8,1,,,
Le'Veon Bell,PIT,RB,9,2,,,
Ezekiel Elliott,DAL,RB,6,3,,,
LeSean McCoy,BUF,RB,6,4,,,
Melvin Gordon,LAC,RB,9,5,,,
Jordan Howard,CHI,RB,8,6,,,
Devonta Freeman,ATL,RB,5,7,,,
Jay Ajayi,MIA,RB,11,8,,,
DeMarco Murray,TEN,RB,8,9,,,
Todd Gurley,LAR,RB,8,10,,,
Lamar Miller,HOU,RB,7,11,,,
Carlos Hyde, SF,RB,11,12,,,
C.J. Anderson,DEN,RB,5,13,,,
Spencer Ware, KC,RB,10,14,,,
Leonard Fournette,JAC,RB,8,15,,,
Eddie Lacy,SEA,RB,6,16,,,
Isaiah Crowell,CLE,RB,9,17,,,
Mark Ingram, NO,RB,5,18,,,
Tevin Coleman,ATL,RB,5,19,,,
Christian McCaffrey,CAR,RB,11,20,,,
Ty Montgomery, GB,RB,8,21,,,
Bilal Powell,NYJ,RB,11,22,,,
Ameer Abdullah,DET,RB,7,23,,,
Frank Gore,IND,RB,11,24,,,
Robert Kelley,WAS,RB,5,25,,,
Marshawn Lynch,OAK,RB,10,26,,,
Joe Mixon,CIN,RB,6,27,,,
Latavius Murray,MIN,RB,9,28,,,
Jonathan Stewart,CAR,RB,11,29,,,
Adrian Peterson, NO,RB,5,30,,,
Dalvin Cook,MIN,RB,9,31,,,
Paul Perkins,NYG,RB,8,32,,,
Matt Forte,NYJ,RB,11,33,,,
Kenneth Dixon,BAL,RB,10,34,,,
Jeremy Hill,CIN,RB,6,35,,,
Derrick Henry,TEN,RB,8,36,,,
Danny Woodhead,BAL,RB,10,37,,,
Theo Riddick,DET,RB,7,38,,,
Doug Martin, TB,RB,11,39,,,
Mike Gillislee, NE,RB,9,40,,,
Samaje Perine,WAS,RB,5,41,,,
C.J. Prosise,SEA,RB,6,42,,,
Thomas Rawls,SEA,RB,6,43,,,
Giovani Bernard,CIN,RB,6,44,,,
Dion Lewis, NE,RB,9,45,,,
Jamaal Charles,DEN,RB,5,46,,,
LeGarrette Blount, NE,RB,9,47,,,
Ryan Mathews,PHI,RB,10,48,,,
Kareem Hunt, KC,RB,10,49,,,
Duke Johnson,CLE,RB,9,50,,,
Rex Burkhead, NE,RB,9,51,,,
Jamaal Williams, GB,RB,8,52,,,
Charles Sims, TB,RB,11,53,,,
Alvin Kamara, NO,RB,5,54,,,
James White, NE,RB,9,55,,,
Jerick McKinnon,MIN,RB,9,56,,,
Terrance West,BAL,RB,10,57,,,
Wendell Smallwood,PHI,RB,10,58,,,
Chris Ivory,JAC,RB,8,59,,,
Jalen Richard,OAK,RB,10,60,,,
D'Onta Foreman,HOU,RB,7,61,,,
Darren Sproles,PHI,RB,10,62,,,
Joe Williams, SF,RB,11,63,,,
Marlon Mack,IND,RB,11,64,,,
Zach Zenner,DET,RB,7,65,,,
Jeremy McNichols, TB,RB,11,66,,,
DeAngelo Williams,PIT,RB,9,67,,,
Corey Grant,JAC,RB,8,68,,,
Shane Vereen,NYG,RB,8,69,,,
Aaron Jones, GB,RB,8,70,,,
Charcandrick West, KC,RB,10,71,,,
Javorius Allen,BAL,RB,10,72,,,
Jacquizz Rodgers, TB,RB,11,73,,,
Tim Hightower, SF,RB,11,74,,,
T.J. Yeldon,JAC,RB,8,75,,,
DeAndre Washington,OAK,RB,10,76,,,
Wayne Gallman,NYG,RB,8,77,,,
Chris Thompson,WAS,RB,5,78,,,
Jeremy Langford,CHI,RB,8,79,,,
Christine Michael, FA,RB,N/A,80,,,
Jonathan Williams,BUF,RB,6,81,,,
Devontae Booker,DEN,RB,5,82,,,
Matt Jones,WAS,RB,5,83,,,
Donnel Pumphrey,PHI,RB,10,84,,,
Alfred Morris,DAL,RB,6,85,,,
Robert Turbin,IND,RB,11,86,,,
Darren McFadden,DAL,RB,6,87,,,
Rashad Jennings, FA,RB,N/A,88,,,
James Conner,PIT,RB,9,89,,,
Tarik Cohen,CHI,RB,8,90,,,
Dwayne Washington,DET,RB,7,91,,,
Damien Williams,MIA,RB,11,92,,,
Kenyan Drake,MIA,RB,11,93,,,
Cameron Artis-Payne,CAR,RB,11,94,,,
Lance Dunbar,LAR,RB,8,95,,,
Travaris Cadet, NO,RB,5,96,,,
Kyle Juszczyk, SF,RB,11,97,,,
Andre Ellington,ARI,RB,8,98,,,
Shaun Draughn,NYG,RB,8,99,,,
Branden Oliver,LAC,RB,9,100,,,
Benny Cunningham,LAR,RB,8,101,,,
Jonathan Grimes, FA,RB,N/A,102,,,
James Starks, FA,RB,N/A,103,,,
Peyton Barber, TB,RB,11,104,,,
Alfred Blue,HOU,RB,7,105,,,
Josh Ferguson,IND,RB,11,106,,,
Chris Johnson, FA,RB,N/A,107,,,
Brian Hill,ATL,RB,5,108,,,
Fozzy Whittaker,CAR,RB,11,109,,,
Ka'Deem Carey,CHI,RB,8,110,,,
Ronnie Hillman,LAC,RB,9,111,,,
Kenjon Barner,LAR,RB,8,112,,,
C.J. Spiller, KC,RB,10,113,,,
Daniel Lasco, NO,RB,5,114,,,
Fitzgerald Toussaint,PIT,RB,9,115,,,
Alex Collins,SEA,RB,6,116,,,
Karlos Williams, FA,RB,N/A,117,,,
Bobby Rainey,NYG,RB,8,118,,,
Andre Williams,LAC,RB,9,119,,,
Antonio Brown,PIT,WR,9,1,,,
Odell Beckham Jr.,NYG,WR,8,2,,,
Julio Jones,ATL,WR,5,3,,,
Mike Evans, TB,WR,11,4,,,
A.J. Green,CIN,WR,6,5,,,
Jordy Nelson, GB,WR,8,6,,,
Dez Bryant,DAL,WR,6,7,,,
T.Y. Hilton,IND,WR,11,8,,,
Michael Thomas, NO,WR,5,9,,,
Amari Cooper,OAK,WR,10,10,,,
DeAndre Hopkins,HOU,WR,7,11,,,
Doug Baldwin,SEA,WR,6,12,,,
Alshon Jeffery,PHI,WR,10,13,,,
Allen Robinson,JAC,WR,8,14,,,
Sammy Watkins,BUF,WR,6,15,,,
Brandin Cooks, NE,WR,9,16,,,
Demaryius Thomas,DEN,WR,5,17,,,
Davante Adams, GB,WR,8,18,,,
Keenan Allen,LAC,WR,9,19,,,
Michael Crabtree,OAK,WR,10,20,,,
Jarvis Landry,MIA,WR,11,21,,,
Terrelle Pryor,WAS,WR,5,22,,,
Julian Edelman, NE,WR,9,23,,,
Emmanuel Sanders,DEN,WR,5,24,,,
Golden Tate,DET,WR,7,25,,,
Donte Moncrief,IND,WR,11,26,,,
Larry Fitzgerald,ARI,WR,8,27,,,
Stefon Diggs,MIN,WR,9,28,,,
Brandon Marshall,NYG,WR,8,29,,,
Eric Decker,NYJ,WR,11,30,,,
Kelvin Benjamin,CAR,WR,11,31,,,
DeSean Jackson, TB,WR,11,32,,,
Jamison Crowder,WAS,WR,5,33,,,
Tyreek Hill, KC,WR,10,34,,,
Rishard Matthews,TEN,WR,8,35,,,
Willie Snead, NO,WR,5,36,,,
Jordan Matthews,PHI,WR,10,37,,,
Martavis Bryant,PIT,WR,9,38,,,
Corey Coleman,CLE,WR,9,39,,,
Randall Cobb, GB,WR,8,40,,,
Corey Davis,TEN,WR,8,41,,,
Devante Parker,MIA,WR,11,42,,,
Kenny Britt,CLE,WR,9,43,,,
Pierre Garcon, SF,WR,11,44,,,
Tyrell Williams,LAC,WR,9,45,,,
Cameron Meredith,CHI,WR,8,46,,,
Jeremy Maclin, KC,WR,10,47,,,
Adam Thielen,MIN,WR,9,48,,,
Sterling Shepard,NYG,WR,8,49,,,
Mike Williams,LAC,WR,9,50,,,
Breshad Perriman,BAL,WR,10,51,,,
John Brown,ARI,WR,8,52,,,
Josh Doctson,WAS,WR,5,53,,,
Kevin White,CHI,WR,8,54,,,
Marvin Jones,DET,WR,7,55,,,
Tyler Lockett,SEA,WR,6,56,,,
John Ross,CIN,WR,6,57,,,
Mike Wallace,BAL,WR,10,58,,,
Will Fuller,HOU,WR,7,59,,,
Kenny Stills,MIA,WR,11,60,,,
Malcolm Mitchell, NE,WR,9,61,,,
Ted Ginn, NO,WR,5,62,,,
Zay Jones,BUF,WR,6,63,,,
Robert Woods,LAR,WR,8,64,,,
Marqise Lee,JAC,WR,8,65,,,
J.J. Nelson,ARI,WR,8,66,,,
Taylor Gabriel,ATL,WR,5,67,,,
Cooper Kupp,LAR,WR,8,68,,,
Devin Funchess,CAR,WR,11,69,,,
Robby Anderson,NYJ,WR,11,70,,,
Allen Hurns,JAC,WR,8,71,,,
Torrey Smith,PHI,WR,10,72,,,
Josh Gordon,CLE,WR,9,73,,,
Mohamed Sanu,ATL,WR,5,74,,,
Rashard Higgins,CLE,WR,9,75,,,
Tajae Sharpe,TEN,WR,8,76,,,
Terrance Williams,DAL,WR,6,77,,,
Curtis Samuel,CAR,WR,11,78,,,
Jeremy Kerley, SF,WR,11,79,,,
Laquon Treadwell,MIN,WR,9,80,,,
Quincy Enunwa,NYJ,WR,11,81,,,
Phillip Dorsett,IND,WR,11,82,,,
Cole Beasley,DAL,WR,6,83,,,
Juju Smith-Schuster,PIT,WR,9,84,,,
Eli Rogers,PIT,WR,9,85,,,
Travis Benjamin,LAC,WR,9,86,,,
Chris Hogan, NE,WR,9,87,,,
Brian Quick,WAS,WR,5,88,,,
Jaelen Strong,HOU,WR,7,89,,,
Michael Floyd, NE,WR,9,90,,,
Tyler Boyd,CIN,WR,6,91,,,
Bruce Ellington, SF,WR,11,92,,,
Tavon Austin,LAR,WR,8,93,,,
Stevie Johnson, FA,WR,N/A,94,,,
Seth Roberts,OAK,WR,10,95,,,
Kamar Aiken,IND,WR,11,96,,,
Vincent Jackson, TB,WR,11,97,,,
Taywan Taylor,TEN,WR,8,98,,,
Sammie Coates,PIT,WR,9,99,,,
Paul Richardson,SEA,WR,6,100,,,
ArDarius Stewart,NYJ,WR,11,101,,,
Kendall Wright,CHI,WR,8,102,,,
Adam Humphries, TB,WR,11,103,,,
Markus Wheaton,CHI,WR,8,104,,,
Chris Godwin, TB,WR,11,105,,,
Dontrelle Inman,LAC,WR,9,106,,,
Brandon LaFell,CIN,WR,6,107,,,
Carlos Henderson,DEN,WR,5,108,,,
Josh Reynolds,LAR,WR,8,109,,,
Dorial Green-Beckham,PHI,WR,10,110,,,
Kenny Golladay,DET,WR,7,111,,,
Nelson Agholor,PHI,WR,10,112,,,
Marquise Goodwin, SF,WR,11,113,,,
Chad Hansen,NYJ,WR,11,114,,,
Amara Darboh,SEA,WR,6,115,,,
Dede Westbrook,JAC,WR,8,116,,,
Leonte Carroo,MIA,WR,11,117,,,
Braxton Miller,HOU,WR,7,118,,,
Chris Conley, KC,WR,10,119,,,
Anquan Boldin, FA,WR,N/A,120,,,
Brandon Coleman, NO,WR,5,121,,,
Aldrick Robinson, SF,WR,11,122,,,
Mike Thomas,LAR,WR,8,123,,,
Victor Cruz, FA,WR,N/A,124,,,
Charles Johnson,CAR,WR,11,125,,,
Jermaine Kearse,SEA,WR,6,126,,,
Rueben Randle,CHI,WR,8,127,,,
Eddie Royal,CHI,WR,8,128,,,
Chad Williams,ARI,WR,8,129,,,
Danny Amendola, NE,WR,9,130,,,
Cordarrelle Patterson,OAK,WR,10,131,,,
Darrius Heyward-Bey,PIT,WR,9,132,,,
Philly Brown,BUF,WR,6,133,,,
TJ Jones,DET,WR,7,134,,,
Michael Campanaro,BAL,WR,10,135,,,
Jeff Janis, GB,WR,8,136,,,
Jaron Brown,ARI,WR,8,137,,,
Albert Wilson, KC,WR,10,138,,,
Marquess Wilson, FA,WR,N/A,139,,,
Pharoh Cooper,LAR,WR,8,140,,,
Bryan Walters,JAC,WR,8,141,,,
Andre Holmes,BUF,WR,6,142,,,
Chris Moore,BAL,WR,10,143,,,
Brice Butler,DAL,WR,6,144,,,
Cody Latimer,DEN,WR,5,145,,,
Quinton Patton,NYJ,WR,11,146,,,
Cody Core,CIN,WR,6,147,,,
Geronimo Allison, GB,WR,8,148,,,
Tre McBride,TEN,WR,8,149,,,
Roger Lewis,NYG,WR,8,150,,,
Cecil Shorts, TB,WR,11,151,,,
Rob Gronkowski, NE,TE,9,1,,,
Travis Kelce, KC,TE,10,2,,,
Jordan Reed,WAS,TE,5,3,,,
Greg Olsen,CAR,TE,11,4,,,
Tyler Eifert,CIN,TE,6,5,,,
Jimmy Graham,SEA,TE,6,6,,,
Delanie Walker,TEN,TE,8,7,,,
Martellus Bennett, GB,TE,8,8,,,
Hunter Henry,LAC,TE,9,9,,,
Zach Ertz,PHI,TE,10,10,,,
Eric Ebron,DET,TE,7,11,,,
Kyle Rudolph,MIN,TE,9,12,,,
Cameron Brate, TB,TE,11,13,,,
Jack Doyle,IND,TE,11,14,,,
Antonio Gates,LAC,TE,9,15,,,
Ladarius Green,PIT,TE,9,16,,,
C.J. Fiedorowicz,HOU,TE,7,17,,,
Jared Cook,OAK,TE,10,18,,,
Jason Witten,DAL,TE,6,19,,,
Zach Miller,CHI,TE,8,20,,,
O.J. Howard, TB,TE,11,21,,,
Coby Fleener, NO,TE,5,22,,,
Austin Hooper,ATL,TE,5,23,,,
Julius Thomas,MIA,TE,11,24,,,
Vance McDonald, SF,TE,11,25,,,
Charles Clay,BUF,TE,6,26,,,
Dwayne Allen, NE,TE,9,27,,,
Dennis Pitta,BAL,TE,10,28,,,
Evan Engram,NYG,TE,8,29,,,
Will Tye,NYG,TE,8,30,,,
David Njoku,CLE,TE,9,31,,,
Vernon Davis,WAS,TE,5,32,,,
A.J. Derby,DEN,TE,5,33,,,
Lance Kendricks, GB,TE,8,34,,,
Tyler Higbee,LAR,TE,8,35,,,
Gary Barnidge, FA,TE,N/A,36,,,
Jesse James,PIT,TE,9,37,,,
Seth DeValve,CLE,TE,9,38,,,
Jermaine Gresham,ARI,TE,8,39,,,
Gerald Everett,LAR,TE,8,40,,,
Clive Walford,OAK,TE,10,41,,,
Dion Sims,CHI,TE,8,42,,,
Adam Shaheen,CHI,TE,8,43,,,
Benjamin Watson,BAL,TE,10,44,,,
Jake Butt,DEN,TE,5,45,,,
Austin Seferian-Jenkins,NYJ,TE,11,46,,,
Virgil Green,DEN,TE,5,47,,,
Maxx Williams,BAL,TE,10,48,,,
Jonnu Smith,TEN,TE,8,49,,,
Ryan Griffin, FA,TE,N/A,50,,,
Jacob Tamme, FA,TE,N/A,51,,,
Erik Swoope,IND,TE,11,52,,,
Crockett Gillmore,BAL,TE,10,53,,,
Jordan Leggett,NYJ,TE,11,54,,,
Stephen Anderson,HOU,TE,7,55,,,
Trey Burton,PHI,TE,10,56,,,
Richard Rodgers, GB,TE,8,57,,,
