Aaron Rodgers,GBP,QB,8,1
Denver Broncos,DEN,DEF,,1
Stephen Gostkowski,NE,PK,,1
David Johnson,ARZ,RB,8,1
Antonio Brown,PIT,WR,9,1
Rob Gronkowski,NEP,TE,9,1
Justin Tucker,BAL,PK,,2
Julio Jones,ATL,WR,5,2
Houston Texans,HOU,DEF,,2
Tom Brady,NEP,QB,9,2
Le'Veon Bell,PIT,RB,9,2
Travis Kelce,KCC,TE,10,2
Adam Vinatieri,IND,PK,,3
Kansas City Chiefs,KC,DEF,,3
Jordan Reed,WAS,TE,5,3
Mike Evans,TBB,WR,11,3
Ezekiel Elliott,DAL,RB,6,3
Drew Brees,NOR,QB,5,3
Matt Bryant,ATL,PK,,4
LeSean McCoy,BUF,RB,6,4
Greg Olsen,CAR,TE,11,4
Odell Beckham,NYG,WR,8,4
Andrew Luck,IND,QB,11,4
Seattle Seahawks,SEA,DEF,,4
Minnesota Vikings,MIN,DEF,,5
Russell Wilson,SEA,QB,6,5
Tyler Eifert,CIN,TE,6,5
Melvin Gordon,LAC,RB,9,5
A.J. Green,CIN,WR,6,5
Dustin Hopkins,WAS,PK,,5
Devonta Freeman,ATL,RB,5,6
Arizona Cardinals,ARI,DEF,,6
Jordy Nelson,GBP,WR,8,6
Jimmy Graham,SEA,TE,6,6
Matt Ryan,ATL,QB,5,6
Dan Bailey,DAL,PK,,6
Graham Gano,CAR,PK,,7
Michael Thomas,NOR,WR,5,7
Delanie Walker,TEN,TE,8,7
DeMarco Murray,TEN,RB,8,7
New England Patriots,NE,DEF,,7
Kirk Cousins,WAS,QB,5,7
Steven Hauschka,BUF,PK,,8
Jay Ajayi,MIA,RB,11,8
Kyle Rudolph,MIN,TE,9,8
T.Y. Hilton,IND,WR,11,8
Carolina Panthers,CAR,DEF,,8
Marcus Mariota,TEN,QB,8,8
Matt Prater,DET,PK,,9
Dez Bryant,DAL,WR,6,9
Martellus Bennett,GBP,TE,8,9
New York Giants,NYG,DEF,,9
Jordan Howard,CHI,RB,9,9
Jameis Winston,TBB,QB,11,9
Cairo Santos,KC,PK,,10
Zach Ertz,PHI,TE,10,10
Baltimore Ravens,BAL,DEF,,10
Todd Gurley,LAR,RB,8,10
Amari Cooper,OAK,WR,10,10
Cam Newton,CAR,QB,11,10
Leonard Fournette,JAC,RB,8,11
Caleb Sturgis,PHI,PK,,11
Los Angeles Rams,LAR,DEF,,11
Eric Ebron,DET,TE,7,11
Derek Carr,OAK,QB,10,11
Doug Baldwin,SEA,WR,6,11
DeAndre Hopkins,HOU,WR,7,12
Ben Roethlisberger,PIT,QB,9,12
Brandon McManus,DEN,PK,,12
Pittsburgh Steelers,PIT,DEF,,12
Hunter Henry,LAC,TE,9,12
Isaiah Crowell,CLE,RB,9,12
Mason Crosby,GB,PK,,13
Dak Prescott,DAL,QB,6,13
Lamar Miller,HOU,RB,7,13
Philadelphia Eagles,PHI,DEF,,13
Jack Doyle,IND,TE,11,13
Demaryius Thomas,DEN,WR,5,13
Coby Fleener,NOR,TE,5,14
Jason Myers,JAC,PK,,14
Marshawn Lynch,OAK,RB,10,14
Jacksonville Jaguars,JAC,DEF,,14
Philip Rivers,LAC,QB,9,14
Alshon Jeffery,PHI,WR,10,14
Cincinnati Bengals,CIN,DEF,,15
Will Lutz,NO,PK,,15
Jason Witten,DAL,TE,6,15
Brandin Cooks,NEP,WR,9,15
Matthew Stafford,DET,QB,7,15
Carlos Hyde,SFO,RB,11,15
Allen Robinson,JAC,WR,8,16
C.J. Fiedorowicz,HOU,TE,7,16
Green Bay Packers,GB,DEF,,16
Christian McCaffrey,CAR,RB,11,16
Tyrod Taylor,BUF,QB,6,16
Sebastian Janikowski,OAK,PK,,16
Oakland Raiders,OAK,DEF,,17
Blair Walsh,SEA,PK,,17
Keenan Allen,LAC,WR,9,17
Julius Thomas,MIA,TE,11,17
Joe Mixon,CIN,RB,6,17
Eli Manning,NYG,QB,8,17
Tampa Bay Buccaneers,TB,DEF,,18
Austin Hooper,ATL,TE,5,18
Spencer Ware,KCC,RB,10,18
Chris Boswell,PIT,PK,,18
Andy Dalton,CIN,QB,6,18
Davante Adams,GBP,WR,8,18
Carson Wentz,PHI,QB,10,19
Jake Elliott,CIN,PK,,19
Cameron Brate,TBB,TE,11,19
Atlanta Falcons,ATL,DEF,,19
Sammy Watkins,BUF,WR,6,19
C.J. Anderson,DEN,RB,5,19
Josh Lambo,LAC,PK,,20
Buffalo Bills,BUF,DEF,,20
Antonio Gates,LAC,TE,9,20
Blake Bortles,JAC,QB,8,20
Ty Montgomery,GBP,RB,8,20
Michael Crabtree,OAK,WR,10,20
Mark Ingram,NOR,RB,5,21
Miami Dolphins,MIA,DEF,,21
Terrelle Pryor,WAS,WR,5,21
Nick Novak,HOU,PK,,21
Carson Palmer,ARZ,QB,8,21
Zach Miller,CHI,TE,9,21
Golden Tate,DET,WR,7,22
O.J. Howard,TBB,TE,11,22
Aldrick Rosas,NYG,PK,,22
Bilal Powell,NYJ,RB,11,22
Los Angeles Chargers,LAC,DEF,,22
Ryan Tannehill,MIA,QB,11,22
Tevin Coleman,ATL,RB,5,23
Charles Clay,BUF,TE,6,23
Tennessee Titans,TEN,DEF,,23
Joe Flacco,BAL,QB,10,23
Ryan Succop,TEN,PK,,23
Jarvis Landry,MIA,WR,11,23
Alex Smith,KCC,QB,10,24
New York Jets,NYJ,DEF,,24
Jared Cook,OAK,TE,10,24
Ameer Abdullah,DET,RB,7,24
Larry Fitzgerald,ARZ,WR,8,24
Chandler Catanzaro,NYJ,PK,,24
Evan Engram,NYG,TE,8,25
Eddie Lacy,SEA,RB,6,25
Detroit Lions,DET,DEF,,25
Emmanuel Sanders,DEN,WR,5,25
Nick Folk,TB,PK,,25
Sam Bradford,MIN,QB,9,25
Dalvin Cook,MIN,RB,9,26
Washington Redskins,WAS,DEF,,26
Julian Edelman,NEP,WR,9,26
Jesse James,PIT,TE,9,26
Brian Hoyer,SFO,QB,11,26
Robbie Gould,SF,PK,,26
Mike Glennon,CHI,QB,9,27
David Njoku,CLE,TE,9,27
Dallas Cowboys,DAL,DEF,,27
Kai Forbath,MIN,PK,,27
Danny Woodhead,BAL,RB,10,27
Stefon Diggs,MIN,WR,9,27
Indianapolis Colts,IND,DEF,,28
Trevor Siemian,DEN,QB,5,28
Frank Gore,IND,RB,11,28
Dwayne Allen,NEP,TE,9,28
Phil Dawson,ARI,PK,,28
Tyreek Hill,KCC,WR,10,28
Zane Gonzalez,CLE,PK,,29
Deshaun Watson,HOU,QB,7,29
Paul Perkins,NYG,RB,8,29
Chicago Bears,CHI,DEF,,29
Jermaine Gresham,ARZ,TE,8,29
Jamison Crowder,WAS,WR,5,29
Willie Snead,NOR,WR,5,30
Mike Gillislee,NEP,RB,9,30
Connor Barth,CHI,PK,,30
San Francisco 49ers,SF,DEF,,30
Austin Seferian-Jenkins,NYJ,TE,11,30
Jared Goff,LAR,QB,8,30
Donte Moncrief,IND,WR,11,31
Josh McCown,NYJ,QB,11,31
Adrian Peterson,NOR,RB,5,31
New Orleans Saints,NO,DEF,,31
Cody Parkey,CLE,PK,,31
A.J. Derby,DEN,TE,5,31
Theo Riddick,DET,RB,7,32
Andrew Franks,MIA,PK,,32
Martavis Bryant,PIT,WR,9,32
Cleveland Browns,CLE,DEF,,32
Benjamin Watson,BAL,TE,10,32
DeShone Kizer,CLE,QB,9,32
Doug Martin,TBB,RB,11,33
Erik Swoope,IND,TE,11,33
Brandon Marshall,NYG,WR,8,33
Cody Kessler,CLE,QB,9,33
Greg Zuerlein,LAR,PK,,33
George Kittle,SFO,TE,11,34
LeGarrette Blount,PHI,RB,10,34
Mitchell Trubisky,CHI,QB,9,34
Randy Bullock,CIN,PK,,34
Pierre Garcon,SFO,WR,11,34
Roberto Aguayo,TB,PK,,35
C.J. Prosise,SEA,RB,6,35
Kelvin Benjamin,CAR,WR,11,35
Virgil Green,DEN,TE,5,35
Paxton Lynch,DEN,QB,5,35
DeSean Jackson,TBB,WR,11,36
Matt Forte,NYJ,RB,11,36
Tyler Higbee,LAR,TE,8,36
Patrick Mahomes,KCC,QB,10,36
Jimmy Garoppolo,NEP,QB,9,37
Cameron Meredith,CHI,WR,9,37
Gerald Everett,LAR,TE,8,37
Rob Kelley,WAS,RB,5,37
Teddy Bridgewater,MIN,QB,9,38
Samaje Perine,WAS,RB,5,38
Vance McDonald,SFO,TE,11,38
Jeremy Maclin,BAL,WR,10,38
Eric Decker,TEN,WR,8,39
Vernon Davis,WAS,TE,5,39
Tom Savage,HOU,QB,7,39
Derrick Henry,TEN,RB,8,39
DeVante Parker,MIA,WR,11,40
Adam Shaheen,CHI,TE,9,40
Ryan Fitzpatrick,TBB,QB,11,40
Kareem Hunt,KCC,RB,10,40
Ryan Griffin,HOU,TE,7,41
Joshua Dobbs,PIT,QB,9,41
Duke Johnson,CLE,RB,9,41
John Brown,ARZ,WR,8,41
Kenneth Dixon,BAL,RB,10,42
Kenny Britt,CLE,WR,9,42
Brock Osweiler,CLE,QB,9,42
Jake Butt,DEN,TE,5,42
Chad Kelly,DEN,QB,5,43
Corey Coleman,CLE,WR,9,43
Will Tye,NYG,TE,8,43
Jonathan Stewart,CAR,RB,11,43
James White,NEP,RB,9,44
Jordan Matthews,PHI,WR,10,44
Davis Webb,NYG,QB,8,44
Marcedes Lewis,JAC,TE,8,44
Jonnu Smith,TEN,TE,8,45
Christian Hackenberg,NYJ,QB,11,45
Mike Wallace,BAL,WR,10,45
Darren Sproles,PHI,RB,10,45
Randall Cobb,GBP,WR,8,46
Lance Kendricks,GBP,TE,8,46
Nathan Peterman,BUF,QB,6,46
Jamaal Charles,DEN,RB,5,46
Terrance West,BAL,RB,10,47
AJ McCarron,CIN,QB,6,47
Clive Walford,OAK,TE,10,47
Adam Thielen,MIN,WR,9,47
Latavius Murray,MIN,RB,9,48
Jeff Heuerman,DEN,TE,5,48
C.J. Beathard,SFO,QB,11,48
Corey Davis,TEN,WR,8,48
Rishard Matthews,TEN,WR,8,49
Jordan Leggett,NYJ,TE,11,49
Jamaal Williams,GBP,RB,8,49
Marvin Jones,DET,WR,7,50
Giovani Bernard,CIN,RB,6,50
Rico Gathers,DAL,TE,6,50
Bucky Hodges,MIN,TE,9,51
Chris Thompson,WAS,RB,5,51
Quincy Enunwa,NYJ,WR,11,51
Thomas Rawls,SEA,RB,6,52
Tyrell Williams,LAC,WR,9,52
Dion Sims,CHI,TE,9,52
Maxx Williams,BAL,TE,10,53
Joe Williams,SFO,RB,11,53
Robert Woods,LAR,WR,8,53
Dennis Pitta,FA,TE,,54
Ted Ginn Jr.,NOR,WR,5,54
Jeremy Hill,CIN,RB,6,54
Jacquizz Rodgers,TBB,RB,11,55
Josh Doctson,WAS,WR,5,55
Alvin Kamara,NOR,RB,5,56
Kevin White,CHI,WR,9,56
Marlon Mack,IND,RB,11,57
Breshad Perriman,BAL,WR,10,57
Shane Vereen,NYG,RB,8,58
Kenny Stills,MIA,WR,11,58
Jalen Richard,OAK,RB,10,59
Mike Williams,LAC,WR,9,59
Dion Lewis,NEP,RB,9,60
Tyler Lockett,SEA,WR,6,60
Sterling Shepard,NYG,WR,8,61
Charles Sims,TBB,RB,11,61
John Ross,CIN,WR,6,62
Jonathan Williams,BUF,RB,6,62
Ryan Mathews,PHI,RB,10,63
Cole Beasley,DAL,WR,6,63
Will Fuller,HOU,WR,7,64
Devontae Booker,DEN,RB,5,64
Taylor Gabriel,ATL,WR,5,65
Rex Burkhead,NEP,RB,9,65
DeAndre Washington,OAK,RB,10,66
Marqise Lee,JAC,WR,8,66
Zay Jones,BUF,WR,6,67
D'Onta Foreman,HOU,RB,7,67
Jerick McKinnon,MIN,RB,9,68
J.J. Nelson,ARZ,WR,8,68
Robby Anderson,NYJ,WR,11,69
Zach Zenner,DET,RB,7,69
Allen Hurns,JAC,WR,8,70
T.J. Yeldon,JAC,RB,8,70
Jeremy McNichols,TBB,RB,11,71
Tavon Austin,LAR,WR,8,71
Tim Hightower,SFO,RB,11,72
Mohamed Sanu,ATL,WR,5,72
James Conner,PIT,RB,9,73
Malcolm Mitchell,NEP,WR,9,73
Jeremy Langford,CHI,RB,9,74
Devin Funchess,CAR,WR,11,74
Wendell Smallwood,PHI,RB,10,75
Kendall Wright,CHI,WR,9,75
Paul Richardson,SEA,WR,6,76
Robert Turbin,IND,RB,11,76
Branden Oliver,LAC,RB,9,77
Nelson Agholor,PHI,WR,10,77
Curtis Samuel,CAR,WR,11,78
Lance Dunbar,LAR,RB,8,78
Chris Conley,KCC,WR,10,79
Chris Ivory,JAC,RB,8,79
Matt Jones,WAS,RB,5,80
ArDarius Stewart,NYJ,WR,11,80
Brandon LaFell,CIN,WR,6,81
Kyle Juszczyk,SFO,RB,11,81
Eli Rogers,PIT,WR,9,82
Darren McFadden,DAL,RB,6,82
Wayne Gallman,NYG,RB,8,83
Laquon Treadwell,MIN,WR,9,83
Aaron Jones,GBP,RB,8,84
Cooper Kupp,LAR,WR,8,84
Torrey Smith,PHI,WR,10,85
Donnel Pumphrey,PHI,RB,10,85
Charcandrick West,KCC,RB,10,86
Tyler Boyd,CIN,WR,6,86
Kenny Golladay,DET,WR,7,87
Andre Ellington,ARZ,RB,8,87
Kamar Aiken,IND,WR,11,88
Kenyan Drake,MIA,RB,11,88
Kerwynn Williams,ARZ,RB,8,89
Chris Hogan,NEP,WR,9,89
Jeremy Kerley,SFO,WR,11,90
Matt Asiata,DET,RB,7,90
Elijah Hood,OAK,RB,10,91
Pharoh Cooper,LAR,WR,8,91
Terrance Williams,DAL,WR,6,92
Travaris Cadet,NOR,RB,5,92
Kenneth Farrow,LAC,RB,9,93
Chad Williams,ARZ,WR,8,93
Travis Benjamin,LAC,WR,9,94
Benny Cunningham,CHI,RB,9,94
Devante Mays,GBP,RB,8,95
Michael Floyd,MIN,WR,9,95
Tajae Sharpe,TEN,WR,8,96
Elijah McGuire,NYJ,RB,11,96
Adam Humphries,TBB,WR,11,97
Dwayne Washington,DET,RB,7,97
Brandon Coleman,NOR,WR,5,98
Tarik Cohen,CHI,RB,9,98
JuJu Smith-Schuster,PIT,WR,9,99
Christine Michael,IND,RB,11,99
Dontrelle Inman,LAC,WR,9,100
Damien Williams,MIA,RB,11,100
Taywan Taylor,TEN,WR,8,101
T.J. Logan,ARZ,RB,8,101
Phillip Dorsett,IND,WR,11,102
Alfred Morris,DAL,RB,6,102
Chris Godwin,TBB,WR,11,103
Brian Hill,ATL,RB,5,103
Corey Clement,PHI,RB,10,104
Josh Gordon,CLE,WR,9,104
Ryan Switzer,DAL,WR,6,105
De'Angelo Henderson,DEN,RB,5,105
Josh Reynolds,LAR,WR,8,106
Brian Quick,WAS,WR,5,107
Seth Roberts,OAK,WR,10,108
Carlos Henderson,DEN,WR,5,109
Dede Westbrook,JAC,WR,8,110
Andre Holmes,BUF,WR,6,111
Jermaine Kearse ,SEA,WR,6,112
Victor Cruz,CHI,WR,9,113
Cordarrelle Patterson,OAK,WR,10,114
Amara Darboh,SEA,WR,6,115
Malachi Dupre,GBP,WR,8,116
Braxton Miller,HOU,WR,7,117
Geronimo Allison,GBP,WR,8,118
Leonte Carroo,MIA,WR,11,119
Markus Wheaton,CHI,WR,9,120
Marquise Goodwin,SFO,WR,11,121
Michael Campanaro,BAL,WR,10,122
Ishmael Zamora,OAK,WR,10,123
Jehu Chesson,KCC,WR,10,124
Mack Hollins,PHI,WR,10,125
DeAngelo Yancey,GBP,WR,8,126
Chad Hansen,NYJ,WR,11,127
Dorial Green-Beckham,PHI,WR,10,128
Sammie Coates,PIT,WR,9,129
