Rob Gronkowski,NE,TE,9,1
Travis Kelce,KC,TE,10,2
Tyler Eifert,CIN,TE,6,3
Jordan Reed,WAS,TE,5,4
Hunter Henry,LAC,TE,9,5
Greg Olsen,CAR,TE,11,6
Eric Ebron,DET,TE,7,7
Jimmy Graham,SEA,TE,6,8
O.J. Howard,TB,TE,11,9
Zach Ertz,PHI,TE,10,10
David Njoku,CLE,TE,9,11
Kyle Rudolph,MIN,TE,9,12
Evan Engram,NYG,TE,8,13
Delanie Walker,TEN,TE,8,14
Martellus Bennett,GB,TE,8,15
Austin Hooper,ATL,TE,5,16
Jack Doyle,IND,TE,11,17
Cameron Brate,TB,TE,11,18
C.J. Fiedorowicz,HOU,TE,7,19
Julius Thomas,MIA,TE,11,20
Ladarius Green,FA,TE,,21
Coby Fleener,NO,TE,5,22
Tyler Higbee,LAR,TE,8,23
Gerald Everett,LAR,TE,8,24
Jake Butt,DEN,TE,5,25
Dwayne Allen,NE,TE,9,26
Adam Shaheen,CHI,TE,9,27
Jonnu Smith,TEN,TE,8,28
Jason Witten,DAL,TE,6,29
Bucky Hodges,MIN,TE,9,30
Vance McDonald,SF,TE,11,31
Zach Miller,CHI,TE,9,32
Jared Cook,OAK,TE,10,33
Jordan Leggett,NYJ,TE,11,34
Antonio Gates,LAC,TE,9,35
George Kittle,SF,TE,11,36
Erik Swoope,IND,TE,11,37
Charles Clay,BUF,TE,6,38
Vernon Davis,WAS,TE,5,39
Austin Seferian-Jenkins,NYJ,TE,11,40
Gary Barnidge,FA,TE,,41
Clive Walford,OAK,TE,10,42
Jesse James,PIT,TE,9,43
Maxx Williams,BAL,TE,10,44
Mychal Rivera,JAC,TE,8,45
Dennis Pitta,FA,TE,,46
Crockett Gillmore,BAL,TE,10,47
Jerell Adams,NYG,TE,8,48
MyCole Pruitt,CHI,TE,9,49
Lance Kendricks,GB,TE,8,50
Tyler Kroft,CIN,TE,6,51
Ryan Griffin,HOU,TE,7,52
A.J. Derby,DEN,TE,5,53
Benjamin Watson,BAL,TE,10,54
Will Tye,NYG,TE,8,55
Josh Hill,NO,TE,5,56
Dion Sims,CHI,TE,9,57
Stephen Anderson,HOU,TE,7,58
Rico Gathers,DAL,TE,6,59
Seth DeValve,CLE,TE,9,60
Richard Rodgers,GB,TE,8,61
Jermaine Gresham,ARI,TE,8,62
Jeremy Sprinkle,WAS,TE,5,63
Trey Burton,PHI,TE,10,64
Jeff Heuerman,DEN,TE,5,65
James O'Shaughnessy,NE,TE,9,66
Jordan Cameron,FA,TE,,67
Demetrius Harris,KC,TE,10,68
Virgil Green,DEN,TE,5,69
Gavin Escobar,KC,TE,10,70
Jacob Tamme,FA,TE,,71
Niles Paul,WAS,TE,5,72
Jace Amaro,TEN,TE,8,73
Nick Vannett,SEA,TE,6,74
Luke Willson,SEA,TE,6,75
Garrett Celek,SF,TE,11,76
C.J. Uzomah,CIN,TE,6,77
Darren Fells,DET,TE,7,78
Odell Beckham Jr.,NYG,WR,8,1
Mike Evans,TB,WR,11,2
Antonio Brown,PIT,WR,9,3
Julio Jones,ATL,WR,5,4
Amari Cooper,OAK,WR,10,5
A.J. Green,CIN,WR,6,6
DeAndre Hopkins,HOU,WR,7,7
Michael Thomas,NO,WR,5,8
Allen Robinson,JAC,WR,8,9
T.Y. Hilton,IND,WR,11,10
Sammy Watkins,BUF,WR,6,11
Brandin Cooks,NE,WR,9,12
Dez Bryant,DAL,WR,6,13
Keenan Allen,LAC,WR,9,14
Alshon Jeffery,PHI,WR,10,15
Jarvis Landry,MIA,WR,11,16
Corey Davis,TEN,WR,8,17
Demaryius Thomas,DEN,WR,5,18
Doug Baldwin,SEA,WR,6,19
Stefon Diggs,MIN,WR,9,20
Corey Coleman,CLE,WR,9,21
Davante Adams,GB,WR,8,22
Jordy Nelson,GB,WR,8,23
Donte Moncrief,IND,WR,11,24
Devante Parker,MIA,WR,11,25
Jamison Crowder,WAS,WR,5,26
Josh Doctson,WAS,WR,5,27
Michael Crabtree,OAK,WR,10,28
Jordan Matthews,PHI,WR,10,29
Martavis Bryant,PIT,WR,9,30
Terrelle Pryor,WAS,WR,5,31
Sterling Shepard,NYG,WR,8,32
Golden Tate,DET,WR,7,33
Mike Williams,LAC,WR,9,34
Emmanuel Sanders,DEN,WR,5,35
Randall Cobb,GB,WR,8,36
Kelvin Benjamin,CAR,WR,11,37
Tyreek Hill,KC,WR,10,38
Kevin White,CHI,WR,9,39
Willie Snead,NO,WR,5,40
Julian Edelman,NE,WR,9,41
Laquon Treadwell,MIN,WR,9,42
Eric Decker,TEN,WR,8,43
Breshad Perriman,BAL,WR,10,44
John Ross,CIN,WR,6,45
Jeremy Maclin,BAL,WR,10,46
John Brown,ARI,WR,8,47
Will Fuller,HOU,WR,7,48
Tyler Lockett,SEA,WR,6,49
Tyrell Williams,LAC,WR,9,50
DeSean Jackson,TB,WR,11,51
Rishard Matthews,TEN,WR,8,52
Brandon Marshall,NYG,WR,8,53
Cameron Meredith,CHI,WR,9,54
Zay Jones,BUF,WR,6,55
Larry Fitzgerald,ARI,WR,8,56
Adam Thielen,MIN,WR,9,57
JuJu Smith-Schuster,PIT,WR,9,58
Marvin Jones,DET,WR,7,59
Chris Godwin,TB,WR,11,60
Kenny Britt,CLE,WR,9,61
Curtis Samuel,CAR,WR,11,62
Pierre Garcon,SF,WR,11,63
Kenny Stills,MIA,WR,11,64
Malcolm Mitchell,NE,WR,9,65
Mike Wallace,BAL,WR,10,66
Devin Funchess,CAR,WR,11,67
Quincy Enunwa,NYJ,WR,11,68
Tyler Boyd,CIN,WR,6,69
Carlos Henderson,DEN,WR,5,70
Allen Hurns,JAC,WR,8,71
Taywan Taylor,TEN,WR,8,72
Taylor Gabriel,ATL,WR,5,73
Michael Floyd,MIN,WR,9,74
J.J. Nelson,ARI,WR,8,75
Braxton Miller,HOU,WR,7,76
Robby Anderson,NYJ,WR,11,77
Phillip Dorsett,IND,WR,11,78
ArDarius Stewart,NYJ,WR,11,79
Marqise Lee,JAC,WR,8,80
Tajae Sharpe,TEN,WR,8,81
Cooper Kupp,LAR,WR,8,82
Josh Gordon,CLE,WR,9,83
Ted Ginn,NO,WR,5,84
Robert Woods,LAR,WR,8,85
Chad Williams,ARI,WR,8,86
Tavon Austin,LAR,WR,8,87
Dorial Green-Beckham,FA,WR,,88
Kamar Aiken,IND,WR,11,89
Chris Conley,KC,WR,10,90
Eli Rogers,PIT,WR,9,91
Kenny Golladay,DET,WR,7,92
Torrey Smith,PHI,WR,10,93
Cole Beasley,DAL,WR,6,94
Travis Benjamin,LAC,WR,9,95
Chris Hogan,NE,WR,9,96
Mohamed Sanu,ATL,WR,5,97
Leonte Carroo,MIA,WR,11,98
Paul Richardson,SEA,WR,6,99
Nelson Agholor,PHI,WR,10,100
Dede Westbrook,JAC,WR,8,101
Josh Reynolds,LAR,WR,8,102
Kendall Wright,CHI,WR,9,103
Brandon LaFell,CIN,WR,6,104
Mack Hollins,PHI,WR,10,105
Jeremy Kerley,SF,WR,11,106
Terrance Williams,DAL,WR,6,107
DeAngelo Yancey,GB,WR,8,108
Bruce Ellington,SF,WR,11,109
Roger Lewis,NYG,WR,8,110
Geronimo Allison,GB,WR,8,111
Sammie Coates,PIT,WR,9,112
Pharoh Cooper,LAR,WR,8,113
Dontrelle Inman,LAC,WR,9,114
Seth Roberts,OAK,WR,10,115
Adam Humphries,TB,WR,11,116
Chad Hansen,NYJ,WR,11,117
Anquan Boldin,FA,WR,,118
Malachi Dupre,GB,WR,8,119
Jermaine Kearse,SEA,WR,6,120
Brandon Coleman,NO,WR,5,121
KD Cannon,FA,WR,,122
Cordarrelle Patterson,OAK,WR,10,123
Jehu Chesson,KC,WR,10,124
Isaiah Ford,MIA,WR,11,125
Brian Quick,WAS,WR,5,126
Ishmael Zamora,OAK,WR,10,127
Markus Wheaton,CHI,WR,9,128
Vincent Jackson,FA,WR,,129
Amara Darboh,SEA,WR,6,130
Trent Taylor,SF,WR,11,131
Charone Peake,NYJ,WR,11,132
Aldrick Robinson,SF,WR,11,133
Jaelen Strong,HOU,WR,7,134
Ryan Switzer,DAL,WR,6,135
Rashard Higgins,CLE,WR,9,136
Steve Smith,FA,WR,,137
Victor Cruz,CHI,WR,9,138
Devin Smith,NYJ,WR,11,139
Josh Malone,CIN,WR,6,140
Justin Hardy,ATL,WR,5,141
Marquess Wilson,NYJ,WR,11,142
Shelton Gibson,PHI,WR,10,143
Charles Johnson,FA,WR,,144
Albert Wilson,KC,WR,10,145
Jaron Brown,ARI,WR,8,146
Aaron Dobson,ARI,WR,8,147
Marquise Goodwin,SF,WR,11,148
Mike Thomas,LAR,WR,8,149
Brice Butler,DAL,WR,6,150
Andre Holmes,BUF,WR,6,151
Michael Campanaro,BAL,WR,10,152
Kenny Bell,BAL,WR,10,153
Josh Huff,TB,WR,11,154
Chris Moore,BAL,WR,10,155
Paul Turner,PHI,WR,10,156
Demarcus Ayers,PIT,WR,9,157
DeAndre Smelter,SF,WR,11,158
Daniel Braverman,CHI,WR,9,159
TJ Jones,DET,WR,7,160
Jeff Janis,GB,WR,8,161
Jared Abbrederis,DET,WR,7,162
Russell Shepard,CAR,WR,11,163
Justin Hunter,PIT,WR,9,164
Cody Core,CIN,WR,6,165
Darrius Heyward-Bey,PIT,WR,9,166
Danny Amendola,NE,WR,9,167
Cobi Hamilton,PIT,WR,9,168
Jalin Marshall,NYJ,WR,11,169
Rueben Randle,CHI,WR,9,170
Jarius Wright,MIN,WR,9,171
Chris Givens,PHI,WR,10,172
Cody Latimer,DEN,WR,5,173
Deonte Thompson,CHI,WR,9,174
Josh Bellamy,CHI,WR,9,175
Jordan Payton,CLE,WR,9,176
Quinton Patton,NYJ,WR,11,177
Cecil Shorts,FA,WR,,178
Bryan Walters,FA,WR,,179
Tre McBride,TEN,WR,8,180
Ezekiel Elliott,DAL,RB,6,1
David Johnson,ARI,RB,8,2
Le'Veon Bell,PIT,RB,9,3
Melvin Gordon,LAC,RB,9,4
Todd Gurley,LAR,RB,8,5
Devonta Freeman,ATL,RB,5,6
Jordan Howard,CHI,RB,9,7
Jay Ajayi,MIA,RB,11,8
Leonard Fournette,JAC,RB,8,9
Christian McCaffrey,CAR,RB,11,10
LeSean McCoy,BUF,RB,6,11
Joe Mixon,CIN,RB,6,12
Carlos Hyde,SF,RB,11,13
Lamar Miller,HOU,RB,7,14
Derrick Henry,TEN,RB,8,15
DeMarco Murray,TEN,RB,8,16
Dalvin Cook,MIN,RB,9,17
Tevin Coleman,ATL,RB,5,18
Mark Ingram,NO,RB,5,19
Isaiah Crowell,CLE,RB,9,20
C.J. Anderson,DEN,RB,5,21
Ameer Abdullah,DET,RB,7,22
C.J. Prosise,SEA,RB,6,23
Spencer Ware,KC,RB,10,24
Kenneth Dixon,BAL,RB,10,25
Ty Montgomery,GB,RB,8,26
Eddie Lacy,SEA,RB,6,27
Alvin Kamara,NO,RB,5,28
Giovani Bernard,CIN,RB,6,29
Kareem Hunt,KC,RB,10,30
Samaje Perine,WAS,RB,5,31
Theo Riddick,DET,RB,7,32
Duke Johnson,CLE,RB,9,33
Paul Perkins,NYG,RB,8,34
Doug Martin,TB,RB,11,35
Thomas Rawls,SEA,RB,6,36
Latavius Murray,MIN,RB,9,37
Mike Gillislee,NE,RB,9,38
Bilal Powell,NYJ,RB,11,39
Jeremy Hill,CIN,RB,6,40
Adrian Peterson,NO,RB,5,41
Robert Kelley,WAS,RB,5,42
Jerick McKinnon,MIN,RB,9,43
D'Onta Foreman,HOU,RB,7,44
Marshawn Lynch,OAK,RB,10,45
T.J. Yeldon,JAC,RB,8,46
Jamaal Williams,GB,RB,8,47
Devontae Booker,DEN,RB,5,48
Dion Lewis,NE,RB,9,49
Marlon Mack,IND,RB,11,50
James White,NE,RB,9,51
Danny Woodhead,BAL,RB,10,52
Charles Sims,TB,RB,11,53
LeGarrette Blount,PHI,RB,10,54
Jeremy McNichols,TB,RB,11,55
Jamaal Charles,DEN,RB,5,56
Matt Forte,NYJ,RB,11,57
Jonathan Stewart,CAR,RB,11,58
Frank Gore,IND,RB,11,59
Jonathan Williams,BUF,RB,6,60
Joe Williams,SF,RB,11,61
Jalen Richard,OAK,RB,10,62
James Conner,PIT,RB,9,63
Wendell Smallwood,PHI,RB,10,64
DeAndre Washington,OAK,RB,10,65
Kenyan Drake,MIA,RB,11,66
Wayne Gallman,NYG,RB,8,67
Chris Thompson,WAS,RB,5,68
Terrance West,BAL,RB,10,69
Aaron Jones,GB,RB,8,70
Jacquizz Rodgers,TB,RB,11,71
Alex Collins,SEA,RB,6,72
Shane Vereen,NYG,RB,8,73
Donnel Pumphrey,PHI,RB,10,74
Chris Ivory,JAC,RB,8,75
Christine Michael,IND,RB,11,76
Ryan Mathews,PHI,RB,10,77
Rex Burkhead,NE,RB,9,78
Darren Sproles,PHI,RB,10,79
Tarik Cohen,CHI,RB,9,80
Cameron Artis-Payne,CAR,RB,11,81
Dwayne Washington,DET,RB,7,82
Elijah McGuire,NYJ,RB,11,83
Zach Zenner,DET,RB,7,84
Tim Hightower,SF,RB,11,85
Jeremy Langford,CHI,RB,9,86
Charcandrick West,KC,RB,10,87
Robert Turbin,IND,RB,11,88
Matt Jones,WAS,RB,5,89
Elijah Hood,OAK,RB,10,90
Kyle Juszczyk,SF,RB,11,91
Branden Oliver,LAC,RB,9,92
Rashad Jennings,FA,RB,,93
Kenneth Farrow,LAC,RB,9,94
Lance Dunbar,LAR,RB,8,95
Brian Hill,ATL,RB,5,96
Damien Williams,MIA,RB,11,97
Daniel Lasco,NO,RB,5,98
Alfred Morris,DAL,RB,6,99
Benny Cunningham,CHI,RB,9,100
D.J. Foster,NE,RB,9,101
Karlos Williams,FA,RB,,102
Shaun Draughn,NYG,RB,8,103
Keith Marshall,WAS,RB,5,104
Darren McFadden,DAL,RB,6,105
Corey Clement,PHI,RB,10,106
Andre Ellington,ARI,RB,8,107
Travaris Cadet,NO,RB,5,108
Josh Ferguson,IND,RB,11,109
Orleans Darkwa,NYG,RB,8,110
Tyler Ervin,HOU,RB,7,111
T.J. Logan,ARI,RB,8,112
Kapri Bibbs,SF,RB,11,113
Bishop Sankey,MIN,RB,9,114
DeAngelo Williams,FA,RB,,115
Javorius Allen,BAL,RB,10,116
James Starks,FA,RB,,117
Ronnie Hillman,DAL,RB,6,118
Justin Forsett,FA,RB,,119
Peyton Barber,TB,RB,11,120
Matt Asiata,DET,RB,7,121
Alfred Blue,HOU,RB,7,122
Kenjon Barner,LAC,RB,9,123
Kerwynn Williams,ARI,RB,8,124
C.J. Spiller,KC,RB,10,125
Lorenzo Taliaferro,BAL,RB,10,126
Ka'Deem Carey,CHI,RB,9,127
Terrell Watson,PIT,RB,9,128
Mike Davis,SEA,RB,6,129
Fozzy Whittaker,CAR,RB,11,130
Malcolm Brown,LAR,RB,8,131
Denard Robinson,FA,RB,,132
Jonathan Grimes,FA,RB,,133
Andre Williams,LAC,RB,9,134
Bobby Rainey,BAL,RB,10,135
Jamize Olawale,OAK,RB,10,136
David Cobb,FA,RB,,137
Fitzgerald Toussaint,PIT,RB,9,138
Andrew Luck,IND,QB,11,1
Aaron Rodgers,GB,QB,8,2
Russell Wilson,SEA,QB,6,3
Jameis Winston,TB,QB,11,4
Derek Carr,OAK,QB,10,5
Cam Newton,CAR,QB,11,6
Marcus Mariota,TEN,QB,8,7
Matt Ryan,ATL,QB,5,8
Dak Prescott,DAL,QB,6,9
Matthew Stafford,DET,QB,7,10
Kirk Cousins,WAS,QB,5,11
Tom Brady,NE,QB,9,12
Drew Brees,NO,QB,5,13
Carson Wentz,PHI,QB,10,14
Ben Roethlisberger,PIT,QB,9,15
Philip Rivers,LAC,QB,9,16
Tyrod Taylor,BUF,QB,6,17
Andy Dalton,CIN,QB,6,18
Blake Bortles,JAC,QB,8,19
Eli Manning,NYG,QB,8,20
Ryan Tannehill,MIA,QB,11,21
Deshaun Watson,HOU,QB,7,22
Patrick Mahomes,KC,QB,10,23
Joe Flacco,BAL,QB,10,24
Jared Goff,LAR,QB,8,25
Jimmy Garoppolo,NE,QB,9,26
Mitch Trubisky,CHI,QB,9,27
DeShone Kizer,CLE,QB,9,28
Sam Bradford,MIN,QB,9,29
Carson Palmer,ARI,QB,8,30
Teddy Bridgewater,MIN,QB,9,31
Alex Smith,KC,QB,10,32
Paxton Lynch,DEN,QB,5,33
Colin Kaepernick,FA,QB,,34
Cody Kessler,CLE,QB,9,35
Davis Webb,NYG,QB,8,36
Joshua Dobbs,PIT,QB,9,37
Mike Glennon,CHI,QB,9,38
Brian Hoyer,SF,QB,11,39
Trevor Siemian,DEN,QB,5,40
Josh McCown,NYJ,QB,11,41
Chad Kelly,DEN,QB,5,42
Tony Romo,FA,QB,,43
Christian Hackenberg,NYJ,QB,11,44
Jay Cutler,FA,QB,,45
Brett Hundley,GB,QB,8,46
Robert Griffin,FA,QB,,47
AJ McCarron,CIN,QB,6,48
Brock Osweiler,CLE,QB,9,49
Jacoby Brissett,NE,QB,9,50
Cardale Jones,LAC,QB,9,51
Matt Barkley,SF,QB,11,52
Tom Savage,HOU,QB,7,53
Nathan Peterman,BUF,QB,6,54
Geno Smith,NYG,QB,8,55
Blaine Gabbert,ARI,QB,8,56
Bryce Petty,NYJ,QB,11,57
Case Keenum,MIN,QB,9,58
Brad Kaaya,DET,QB,7,59
Zach Mettenberger,FA,QB,,60
Ryan Fitzpatrick,TB,QB,11,61
C.J. Beathard,SF,QB,11,62
Nick Foles,PHI,QB,10,63
Connor Cook,OAK,QB,10,64
Landry Jones,PIT,QB,9,65
Mark Sanchez,CHI,QB,9,66
Noah Brown,DAL,WR,6,180
Travin Dural,NO,WR,5,180
De'Runnya Wilson,FA,WR,,180
Ishmael Zamura,FA,WR,,180
Matt Dayes,FA,RB,,138
Jalen Robinette,FA,WR,,180
Michael Roberts,DET,TE,7,78
Robert Davis,WAS,WR,5,180
Krishawn Hogan,ARI,WR,8,180
Speedy Noil,FA,WR,,180
Joseph Yearby,FA,RB,,138
Rodney Adams,MIN,WR,9,180
Missing Player,FA,WR,,181
Missing Player,FA,WR,,181
Missing Player,FA,WR,,181
Missing Player,FA,WR,,181
Missing Player,FA,WR,,181
Missing Player,FA,WR,,181
Missing Player,FA,WR,,181
Missing Player,FA,WR,,181
Missing Player,FA,WR,,181
Missing Player,FA,WR,,181
