David Johnson,ARI,RB,8,1
LeVeon Bell,PIT,RB,9,2
Ezekiel Elliott,DAL,RB,6,3
Antonio Brown,PIT,WR,9,1
Julio Jones,ATL,WR,5,2
Odell Beckham Jr,NYG,WR,8,3
LeSean McCoy,BUF,RB,6,4
Melvin Gordon,LAC,RB,9,5
Mike Evans,TB,WR,11,4
Devonta Freeman,ATL,RB,5,6
Jay Ajayi,MIA,RB,11,7
A.J. Green,CIN,WR,6,5
Jordan Howard,CHI,RB,9,8
DeMarco Murray,TEN,RB,8,9
Jordy Nelson,GB,WR,8,6
Michael Thomas,NO,WR,5,7
Marshawn Lynch,OAK,RB,10,10
T.Y. Hilton,IND,WR,11,8
Todd Gurley,LAR,RB,8,11
Leonard Fournette,JAC,RB,8,12
Dez Bryant,DAL,WR,6,9
Rob Gronkowski,NE,TE,9,1
Amari Cooper,OAK,WR,10,10
Aaron Rodgers,GB,QB,8,1
Lamar Miller,HOU,RB,7,13
Isaiah Crowell,CLE,RB,9,14
Brandin Cooks,NE,WR,9,11
Doug Baldwin,SEA,WR,6,12
DeAndre Hopkins,HOU,WR,7,13
Tom Brady,NE,QB,9,2
Joe Mixon,CIN,RB,6,15
Terrelle Pryor,WAS,WR,5,14
Christian McCaffrey,CAR,RB,11,16
Alshon Jeffery,PHI,WR,10,15
Spencer Ware,KC,RB,10,17
Allen Robinson,JAC,WR,8,16
Carlos Hyde,SF,RB,11,18
Travis Kelce,KC,TE,10,2
Sammy Watkins,BUF,WR,6,17
Drew Brees,NO,QB,5,3
Adrian Peterson,NO,RB,5,19
Demaryius Thomas,DEN,WR,5,18
Davante Adams,GB,WR,8,19
Tyreek Hill,KC,WR,10,20
Doug Martin,TB,RB,11,20
Keenan Allen,LAC,WR,9,21
Jordan Reed,WAS,TE,5,3
Martavis Bryant,PIT,WR,9,22
LeGarrette Blount,PHI,RB,10,21
Ty Montgomery,GB,RB,8,22
Jarvis Landry,MIA,WR,11,23
Mike Gillislee,NE,RB,9,23
Michael Crabtree,OAK,WR,10,24
Greg Olsen,CAR,TE,11,4
CJ Anderson,DEN,RB,5,24
Andrew Luck,IND,QB,11,4
Eddie Lacy,SEA,RB,6,25
Brandon Marshall,NYG,WR,8,25
Ameer Abdullah,DET,RB,7,26
Dalvin Cook,MIN,RB,9,27
Matt Ryan,ATL,QB,5,5
Julian Edelman,NE,WR,9,26
Kelvin Benjamin,CAR,WR,11,27
Tevin Coleman,ATL,RB,5,28
Donte Moncrief,IND,WR,11,28
Jimmy Graham,SEA,TE,6,5
Derrick Henry,TEN,RB,8,29
Paul Perkins,NYG,RB,8,30
Derek Carr,OAK,QB,10,6
Mark Ingram,NO,RB,5,31
Golden Tate,DET,WR,7,29
Tyler Eifert,CIN,TE,6,6
Larry Fitzgerald,ARI,WR,8,30
Bilal Powell,NYJ,RB,11,32
Willie Snead,NO,WR,5,31
Delanie Walker,TEN,TE,8,7
Jamison Crowder,WAS,WR,5,32
Frank Gore,IND,RB,11,33
Martellus Bennett,GB,TE,8,8
Cam Newton,CAR,QB,11,7
Stefon Diggs,MIN,WR,9,33
DeSean Jackson,TB,WR,11,34
Russell Wilson,SEA,QB,6,8
Latavius Murray,MIN,RB,9,34
Emmanuel Sanders,DEN,WR,5,35
Ben Roethlisberger,PIT,QB,9,9
Samaje Perine,WAS,RB,5,35
Rob Kelley,WAS,RB,5,36
Danny Woodhead,BAL,RB,10,37
DeVante Parker,MIA,WR,11,36
Hunter Henry,LAC,TE,9,9
Kirk Cousins,WAS,QB,5,10
Kenneth Dixon,BAL,RB,10,38
Jameis Winston,TB,QB,11,11
Jeremy Maclin,BAL,WR,10,37
Kareem Hunt,KC,RB,10,39
Randall Cobb,GB,WR,8,38
Jamaal Charles,DEN,RB,5,40
Pierre Garcon,SF,WR,11,39
Matt Forte,NYJ,RB,11,41
Marcus Mariota,TEN,QB,8,12
Corey Davis,TEN,WR,8,40
Jonathan Stewart,CAR,RB,11,42
Kyle Rudolph,MIN,TE,9,10
Eric Decker,TEN,WR,8,41
Denver Defense,DEN,DEF,5,1
Thomas Rawls,SEA,RB,6,43
John Brown,ARI,WR,8,42
Terrance West,BAL,RB,10,44
Dak Prescott,DAL,QB,6,13
Kansas City Defense,KC,DEF,10,2
Cameron Meredith,CHI,WR,9,43
Philip Rivers,LAC,QB,9,14
Corey Coleman,CLE,WR,9,44
Houston Defense,HOU,DEF,7,3
O.J. Howard,TB,TE,11,11
Theo Riddick,DET,RB,7,45
Jeremy Hill,CIN,RB,6,46
Mike Williams,LAC,WR,9,45
Matthew Stafford,DET,QB,7,15
Eli Manning,NYG,QB,8,16
Seattle Defense,SEA,DEF,6,4
Marvin Jones,DET,WR,7,46
Jamaal Williams,GB,RB,8,47
New England Defense,NE,DEF,9,5
Rishard Matthews,TEN,WR,8,47
CJ Prosise,SEA,RB,6,48
Quincy Enunwa,NYJ,WR,11,48
Zach Ertz,PHI,TE,10,12
Jacquizz Rodgers,TB,RB,11,49
Arizona Defense,ARI,DEF,8,6
Minnesota Defense,MIN,DEF,9,7
Tyrell Williams,LAC,WR,9,49
Mike Wallace,BAL,WR,10,50
Andy Dalton,CIN,QB,6,17
John Ross,CIN,WR,6,51
Jack Doyle,IND,TE,11,13
Marlon Mack,IND,RB,11,50
Tyrod Taylor,BUF,QB,6,18
Taylor Gabriel,ATL,WR,5,52
Adam Thielen,MIN,WR,9,53
Jordan Matthews,PHI,WR,10,54
James White,NE,RB,9,51
NY Giants Defense,NYG,DEF,8,8
Carson Wentz,PHI,QB,10,19
Kevin White,CHI,WR,9,55
Josh Doctson,WAS,WR,5,56
Justin Tucker,BAL,PK,10,1
Joe Williams,SF,RB,11,52
Julius Thomas,MIA,TE,11,14
Stephen Gostkowski,NE,PK,9,2
Kenny Britt,CLE,WR,9,57
Eric Ebron,DET,TE,7,15
Breshad Perriman,BAL,WR,10,58
Dion Lewis,NE,RB,9,53
Carson Palmer,ARI,QB,8,20
Duke Johnson,CLE,RB,9,54
Matt Bryant,ATL,PK,5,3
Sterling Shepard,NYG,WR,8,59
Jonathan Williams,None,RB,None,55
Baltimore Defense,BAL,DEF,10,9
David Njoku,CLE,TE,9,16
Carolina Defense,CAR,DEF,11,10
Dan Bailey,DAL,PK,6,4
Coby Fleener,NO,TE,5,17
Zay Jones,BUF,WR,6,60
Blake Bortles,JAC,QB,8,21
Donta Foreman,HOU,RB,7,56
Devontae Booker,DEN,RB,5,57
Rex Burkhead,NE,RB,9,58
DeAndre Washington,OAK,RB,10,59
Jalen Richard,OAK,RB,10,60
Deshaun Watson,HOU,QB,7,22
Ted Ginn Jr,NO,WR,5,61
Alvin Kamara,NO,RB,5,61
Darren Sproles,PHI,RB,10,62
DeAngelo Williams,PIT,RB,9,63
Austin Hooper,ATL,TE,5,18
Giovani Bernard,CIN,RB,6,64
Tyler Lockett,SEA,WR,6,62
Cameron Brate,TB,TE,11,19
Oakland Defense,OAK,DEF,10,11
Joe Flacco,BAL,QB,10,23
Cole Beasley,DAL,WR,6,63
Jared Cook,OAK,TE,10,20
Adam Vinatieri,IND,PK,11,5
Robert Woods,LAR,WR,8,64
Los Angeles Defense,LAR,DEF,8,12
Evan Engram,NYG,TE,8,21
Mason Crosby,GB,PK,8,6
Ryan Tannehill,MIA,QB,11,24
Kenny Stills,MIA,WR,11,65
Allen Hurns,JAC,WR,8,66
James Conner,PIT,RB,9,65
Will Fuller,HOU,WR,7,67
San Diego Defense,LAC,DEF,9,13
Philadelphia Defense,PHI,DEF,10,14
Atlanta Defense,ATL,DEF,5,15
Pittsburgh Defense,PIT,DEF,9,16
Buffalo Defense,BUF,DEF,6,17
Jacksonville Defense,JAC,DEF,8,18
Mohamed Sanu,ATL,WR,5,68
Sam Bradford,MIN,QB,9,25
Matt Prater,DET,PK,7,7
Sebastian Janikowski,OAK,PK,10,8
Cairo Santos,KC,PK,10,9
Brandon McManus,DEN,PK,5,10
Chris Boswell,PIT,PK,9,11
Graham Gano,CAR,PK,11,12
Steven Hauschka,BUF,PK,6,13
Shayne Graham,NO,PK,5,14
Nick Novak,LAC,PK,9,15
Roberto Aguayo,TB,PK,11,16
