David Johnson,ARI,RB,8,1
LeVeon Bell,PIT,RB,9,2
Ezekiel Elliott,DAL,RB,6,3
Antonio Brown,PIT,WR,9,1
Julio Jones,ATL,WR,5,2
Odell Beckham Jr,NYG,WR,8,3
LeSean McCoy,BUF,RB,6,4
Mike Evans,TB,WR,11,4
Melvin Gordon,LAC,RB,9,5
A.J. Green,CIN,WR,6,5
Devonta Freeman,ATL,RB,5,6
Jordy Nelson,GB,WR,8,6
Jay Ajayi,MIA,RB,11,7
Michael Thomas,NO,WR,5,7
DeMarco Murray,TEN,RB,8,8
T.Y. Hilton,IND,WR,11,8
Jordan Howard,CHI,RB,9,9
Dez Bryant,DAL,WR,6,9
Amari Cooper,OAK,WR,10,10
Marshawn Lynch,OAK,RB,10,10
Rob Gronkowski,NE,TE,9,1
Leonard Fournette,JAC,RB,8,11
Todd Gurley,LAR,RB,8,12
Brandin Cooks,NE,WR,9,11
DeAndre Hopkins,HOU,WR,7,12
Doug Baldwin,SEA,WR,6,13
Lamar Miller,HOU,RB,7,13
Aaron Rodgers,GB,QB,8,1
Isaiah Crowell,CLE,RB,9,14
Keenan Allen,LAC,WR,9,14
Christian McCaffrey,CAR,RB,11,15
Tom Brady,NE,QB,9,2
Allen Robinson,JAC,WR,8,15
Alshon Jeffery,PHI,WR,10,16
Demaryius Thomas,DEN,WR,5,17
Travis Kelce,KC,TE,10,2
Terrelle Pryor,WAS,WR,5,18
Joe Mixon,CIN,RB,6,16
Jarvis Landry,MIA,WR,11,19
Davante Adams,GB,WR,8,20
Tyreek Hill,KC,WR,10,21
Ty Montgomery,GB,RB,8,17
Jordan Reed,WAS,TE,5,3
Spencer Ware,KC,RB,10,18
Sammy Watkins,BUF,WR,6,22
Carlos Hyde,SF,RB,11,19
Drew Brees,NO,QB,5,3
Julian Edelman,NE,WR,9,23
Michael Crabtree,OAK,WR,10,24
Martavis Bryant,PIT,WR,9,25
Greg Olsen,CAR,TE,11,4
Doug Martin,TB,RB,11,20
Golden Tate,DET,WR,7,26
Adrian Peterson,NO,RB,5,21
Larry Fitzgerald,ARI,WR,8,27
Matt Ryan,ATL,QB,5,4
Brandon Marshall,NYG,WR,8,28
CJ Anderson,DEN,RB,5,22
Tevin Coleman,ATL,RB,5,23
Ameer Abdullah,DET,RB,7,24
Andrew Luck,IND,QB,11,5
LeGarrette Blount,PHI,RB,10,25
Eddie Lacy,SEA,RB,6,26
Bilal Powell,NYJ,RB,11,27
Kelvin Benjamin,CAR,WR,11,29
Jamison Crowder,WAS,WR,5,30
Danny Woodhead,BAL,RB,10,28
Willie Snead,NO,WR,5,31
Jimmy Graham,SEA,TE,6,5
Dalvin Cook,MIN,RB,9,29
Tyler Eifert,CIN,TE,6,6
Donte Moncrief,IND,WR,11,32
Mike Gillislee,NE,RB,9,30
Derek Carr,OAK,QB,10,6
Paul Perkins,NYG,RB,8,31
Mark Ingram,NO,RB,5,32
Stefon Diggs,MIN,WR,9,33
Delanie Walker,TEN,TE,8,7
Emmanuel Sanders,DEN,WR,5,34
Derrick Henry,TEN,RB,8,33
Martellus Bennett,GB,TE,8,8
Frank Gore,IND,RB,11,34
Cam Newton,CAR,QB,11,7
Theo Riddick,DET,RB,7,35
Russell Wilson,SEA,QB,6,8
DeVante Parker,MIA,WR,11,35
DeSean Jackson,TB,WR,11,36
Pierre Garcon,SF,WR,11,37
Samaje Perine,WAS,RB,5,36
Ben Roethlisberger,PIT,QB,9,9
Randall Cobb,GB,WR,8,38
Latavius Murray,MIN,RB,9,37
CJ Prosise,SEA,RB,6,38
Kyle Rudolph,MIN,TE,9,9
Corey Davis,TEN,WR,8,39
Jeremy Maclin,BAL,WR,10,40
Kirk Cousins,WAS,QB,5,10
Kareem Hunt,KC,RB,10,39
Jamaal Charles,DEN,RB,5,40
Hunter Henry,LAC,TE,9,10
Cameron Meredith,CHI,WR,9,41
Jameis Winston,TB,QB,11,11
Rob Kelley,WAS,RB,5,41
Eric Decker,TEN,WR,8,42
John Brown,ARI,WR,8,43
Kenneth Dixon,BAL,RB,10,42
Matt Forte,NYJ,RB,11,43
Corey Coleman,CLE,WR,9,44
James White,NE,RB,9,44
Marcus Mariota,TEN,QB,8,12
Philip Rivers,LAC,QB,9,13
Denver Defense,DEN,DEF,5,1
Zach Ertz,PHI,TE,10,11
Dak Prescott,DAL,QB,6,14
Jonathan Stewart,CAR,RB,11,45
Mike Williams,LAC,WR,9,45
Rishard Matthews,TEN,WR,8,46
Terrance West,BAL,RB,10,46
Marvin Jones,DET,WR,7,47
Houston Defense,HOU,DEF,7,2
Kansas City Defense,KC,DEF,10,3
Matthew Stafford,DET,QB,7,15
Mike Wallace,BAL,WR,10,48
Quincy Enunwa,NYJ,WR,11,49
Thomas Rawls,SEA,RB,6,47
Jeremy Hill,CIN,RB,6,48
Eli Manning,NYG,QB,8,16
Adam Thielen,MIN,WR,9,50
Jordan Matthews,PHI,WR,10,51
Seattle Defense,SEA,DEF,6,4
New England Defense,NE,DEF,9,5
Jack Doyle,IND,TE,11,12
O.J. Howard,TB,TE,11,13
Duke Johnson,CLE,RB,9,49
Tyrell Williams,LAC,WR,9,52
John Ross,CIN,WR,6,53
Marlon Mack,IND,RB,11,50
Minnesota Defense,MIN,DEF,9,6
Andy Dalton,CIN,QB,6,17
Arizona Defense,ARI,DEF,8,7
Dion Lewis,NE,RB,9,51
Breshad Perriman,BAL,WR,10,54
Josh Doctson,WAS,WR,5,55
Eric Ebron,DET,TE,7,14
Jamaal Williams,GB,RB,8,52
Cole Beasley,DAL,WR,6,56
Carson Wentz,PHI,QB,10,18
Kevin White,CHI,WR,9,57
Jacquizz Rodgers,TB,RB,11,53
NY Giants Defense,NYG,DEF,8,8
Joe Williams,SF,RB,11,54
Justin Tucker,BAL,PK,10,1
Tyrod Taylor,BUF,QB,6,19
Kenny Britt,LAR,WR,8,58
Stephen Gostkowski,NE,PK,9,2
Darren Sproles,PHI,RB,10,55
Julius Thomas,MIA,TE,11,15
Sterling Shepard,NYG,WR,8,59
Alvin Kamara,NO,RB,5,56
Atlanta Defense,ATL,DEF,5,9
Matt Bryant,ATL,PK,5,3
Giovani Bernard,CIN,RB,6,57
Carson Palmer,ARI,QB,8,20
Coby Fleener,NO,TE,5,16
Robert Woods,LAR,WR,8,60
Taylor Gabriel,ATL,WR,5,61
Dan Bailey,DAL,PK,6,4
Cameron Brate,TB,TE,11,17
Jason Witten,DAL,TE,6,18
Blake Bortles,JAC,QB,8,21
DeAngelo Williams,PIT,RB,9,58
Austin Seferian-Jenkins,TB,TE,11,19
Tavon Austin,LAR,WR,8,62
Baltimore Defense,BAL,DEF,10,10
Rex Burkhead,NE,RB,9,59
Jonathan Williams,None,RB,None,60
Evan Engram,NYG,TE,8,20
Chris Thompson,WAS,RB,5,61
Zay Jones,BUF,WR,6,63
Curtis Samuel,CAR,WR,11,64
Ted Ginn Jr,NO,WR,5,65
Devontae Booker,DEN,RB,5,62
Dwayne Allen,NE,TE,9,21
J.J. Nelson,ARI,WR,8,66
Cooper Kupp,LAR,WR,8,67
Charles Sims,TB,RB,11,63
Chris Hogan,NE,WR,9,68
Allen Hurns,JAC,WR,8,69
Carolina Defense,CAR,DEF,11,11
Ryan Tannehill,MIA,QB,11,22
Donta Foreman,HOU,RB,7,64
Adam Vinatieri,IND,PK,11,5
Joe Flacco,BAL,QB,10,23
Tyler Lockett,SEA,WR,6,70
Jared Cook,OAK,TE,10,22
James Conner,PIT,RB,9,65
David Njoku,CLE,TE,9,23
Kenny Stills,MIA,WR,11,71
Austin Hooper,ATL,TE,5,24
DeAndre Washington,OAK,RB,10,66
Mohamed Sanu,ATL,WR,5,72
Mason Crosby,GB,PK,8,6
Los Angeles Defense,LAR,DEF,8,12
CJ Fiedorowicz,HOU,TE,7,25
Jacksonville Defense,JAC,DEF,8,13
Deshaun Watson,HOU,QB,7,24
Will Fuller,HOU,WR,7,73
Darren McFadden,DAL,RB,6,67
Philadelphia Defense,PHI,DEF,10,14
Matt Prater,DET,PK,7,7
Branden Oliver,LAC,RB,9,68
Oakland Defense,OAK,DEF,10,15
Pittsburgh Defense,PIT,DEF,9,16
San Diego Defense,LAC,DEF,9,17
Sebastian Janikowski,OAK,PK,10,8
Buffalo Defense,BUF,DEF,6,18
Cairo Santos,KC,PK,10,9
Brandon McManus,DEN,PK,5,10
Chris Boswell,PIT,PK,9,11
Roberto Aguayo,TB,PK,11,12
Sam Bradford,MIN,QB,9,25
Nick Novak,LAC,PK,9,13
Steven Hauschka,BUF,PK,6,14
Caleb Sturgis,MIA,PK,11,15
Phil Dawson,ARI,PK,8,16
Graham Gano,CAR,PK,11,17
Kenyan Drake,MIA,RB,11,69
