David Johnson,ARI,RB,8,1
LeVeon Bell,PIT,RB,9,2
Ezekiel Elliott,DAL,RB,6,3
Antonio Brown,PIT,WR,9,1
Julio Jones,ATL,WR,5,2
Odell Beckham Jr,NYG,WR,8,3
LeSean McCoy,BUF,RB,6,4
Melvin Gordon,LAC,RB,9,5
Mike Evans,TB,WR,11,4
A.J. Green,CIN,WR,6,5
Devonta Freeman,ATL,RB,5,6
DeMarco Murray,TEN,RB,8,7
Jay Ajayi,MIA,RB,11,8
Jordan Howard,CHI,RB,9,9
Jordy Nelson,GB,WR,8,6
Marshawn Lynch,OAK,RB,10,10
Michael Thomas,NO,WR,5,7
T.Y. Hilton,IND,WR,11,8
Leonard Fournette,JAC,RB,8,11
Todd Gurley,LAR,RB,8,12
Dez Bryant,DAL,WR,6,9
Rob Gronkowski,NE,TE,9,1
Aaron Rodgers,GB,QB,8,1
Amari Cooper,OAK,WR,10,10
Lamar Miller,HOU,RB,7,13
Brandin Cooks,NE,WR,9,11
Tom Brady,NE,QB,9,2
Isaiah Crowell,CLE,RB,9,14
DeAndre Hopkins,HOU,WR,7,12
Doug Baldwin,SEA,WR,6,13
Christian McCaffrey,CAR,RB,11,15
Spencer Ware,KC,RB,10,16
Alshon Jeffery,PHI,WR,10,14
Allen Robinson,JAC,WR,8,15
Terrelle Pryor,WAS,WR,5,16
Carlos Hyde,SF,RB,11,17
Joe Mixon,CIN,RB,6,18
Travis Kelce,KC,TE,10,2
Adrian Peterson,NO,RB,5,19
Davante Adams,GB,WR,8,17
Drew Brees,NO,QB,5,3
Demaryius Thomas,DEN,WR,5,18
Sammy Watkins,BUF,WR,6,19
Tyreek Hill,KC,WR,10,20
Keenan Allen,LAC,WR,9,21
Doug Martin,TB,RB,11,20
Jordan Reed,WAS,TE,5,3
Eddie Lacy,SEA,RB,6,21
Jarvis Landry,MIA,WR,11,22
Ty Montgomery,GB,RB,8,22
Michael Crabtree,OAK,WR,10,23
LeGarrette Blount,PHI,RB,10,23
Martavis Bryant,PIT,WR,9,24
Greg Olsen,CAR,TE,11,4
CJ Anderson,DEN,RB,5,24
Andrew Luck,IND,QB,11,4
Brandon Marshall,NYG,WR,8,25
Ameer Abdullah,DET,RB,7,25
Mike Gillislee,NE,RB,9,26
Matt Ryan,ATL,QB,5,5
Julian Edelman,NE,WR,9,26
Tevin Coleman,ATL,RB,5,27
Derrick Henry,TEN,RB,8,28
Kelvin Benjamin,CAR,WR,11,27
Jimmy Graham,SEA,TE,6,5
Dalvin Cook,MIN,RB,9,29
Donte Moncrief,IND,WR,11,28
Derek Carr,OAK,QB,10,6
Larry Fitzgerald,ARI,WR,8,29
Golden Tate,DET,WR,7,30
Tyler Eifert,CIN,TE,6,6
Mark Ingram,NO,RB,5,30
Paul Perkins,NYG,RB,8,31
Delanie Walker,TEN,TE,8,7
Bilal Powell,NYJ,RB,11,32
Willie Snead,NO,WR,5,31
Cam Newton,CAR,QB,11,7
Martellus Bennett,GB,TE,8,8
DeSean Jackson,TB,WR,11,32
Frank Gore,IND,RB,11,33
Russell Wilson,SEA,QB,6,8
Jamison Crowder,WAS,WR,5,33
Latavius Murray,MIN,RB,9,34
Ben Roethlisberger,PIT,QB,9,9
Emmanuel Sanders,DEN,WR,5,34
Stefon Diggs,MIN,WR,9,35
Rob Kelley,WAS,RB,5,35
Hunter Henry,LAC,TE,9,9
Kenneth Dixon,BAL,RB,10,36
Samaje Perine,WAS,RB,5,37
Kirk Cousins,WAS,QB,5,10
Corey Davis,TEN,WR,8,36
DeVante Parker,MIA,WR,11,37
Danny Woodhead,BAL,RB,10,38
Randall Cobb,GB,WR,8,38
Jamaal Charles,DEN,RB,5,39
Jameis Winston,TB,QB,11,11
Pierre Garcon,SF,WR,11,39
Jonathan Stewart,CAR,RB,11,40
Dak Prescott,DAL,QB,6,12
Kyle Rudolph,MIN,TE,9,10
Marcus Mariota,TEN,QB,8,13
Kareem Hunt,KC,RB,10,41
Jeremy Maclin,BAL,WR,10,40
Denver Defense,DEN,DEF,5,1
Matt Forte,NYJ,RB,11,42
Corey Coleman,CLE,WR,9,41
Jeremy Hill,CIN,RB,6,43
Thomas Rawls,SEA,RB,6,44
Kansas City Defense,KC,DEF,10,2
John Brown,ARI,WR,8,42
Eric Decker,TEN,WR,8,43
Philip Rivers,LAC,QB,9,14
Terrance West,BAL,RB,10,45
Rishard Matthews,TEN,WR,8,44
Houston Defense,HOU,DEF,7,3
Cameron Meredith,CHI,WR,9,45
O.J. Howard,TB,TE,11,11
Seattle Defense,SEA,DEF,6,4
Eli Manning,NYG,QB,8,15
Mike Williams,LAC,WR,9,46
New England Defense,NE,DEF,9,5
Theo Riddick,DET,RB,7,46
Matthew Stafford,DET,QB,7,16
CJ Prosise,SEA,RB,6,47
Arizona Defense,ARI,DEF,8,6
Marvin Jones,DET,WR,7,47
Jacquizz Rodgers,TB,RB,11,48
Andy Dalton,CIN,QB,6,17
Jordan Matthews,PHI,WR,10,48
Zach Ertz,PHI,TE,10,12
Minnesota Defense,MIN,DEF,9,7
Mike Wallace,BAL,WR,10,49
Quincy Enunwa,NYJ,WR,11,50
Jamaal Williams,GB,RB,8,49
Marlon Mack,IND,RB,11,50
Adam Thielen,MIN,WR,9,51
John Ross,CIN,WR,6,52
Jack Doyle,IND,TE,11,13
Tyrell Williams,LAC,WR,9,53
James White,NE,RB,9,51
NY Giants Defense,NYG,DEF,8,8
Carson Wentz,PHI,QB,10,18
Taylor Gabriel,ATL,WR,5,54
Tyrod Taylor,BUF,QB,6,19
Breshad Perriman,BAL,WR,10,55
Dion Lewis,NE,RB,9,52
Kevin White,CHI,WR,9,56
Julius Thomas,MIA,TE,11,14
Justin Tucker,BAL,PK,10,1
Stephen Gostkowski,NE,PK,9,2
Joe Williams,SF,RB,11,53
Baltimore Defense,BAL,DEF,10,9
Carson Palmer,ARI,QB,8,20
Coby Fleener,NO,TE,5,15
Sterling Shepard,NYG,WR,8,57
Josh Doctson,WAS,WR,5,58
Kenny Britt,LAR,WR,8,59
Carolina Defense,CAR,DEF,11,10
Duke Johnson,CLE,RB,9,54
Matt Bryant,ATL,PK,5,3
Eric Ebron,DET,TE,7,16
Blake Bortles,JAC,QB,8,21
Jonathan Williams,None,RB,None,55
Ted Ginn Jr,NO,WR,5,60
Dan Bailey,DAL,PK,6,4
Jared Cook,OAK,TE,10,17
DeAngelo Williams,PIT,RB,9,56
Zay Jones,BUF,WR,6,61
Tyler Lockett,SEA,WR,6,62
Cameron Brate,TB,TE,11,18
Evan Engram,NYG,TE,8,19
Rex Burkhead,NE,RB,9,57
Alvin Kamara,NO,RB,5,58
Donta Foreman,HOU,RB,7,59
Chris Hogan,NE,WR,9,63
Ryan Tannehill,MIA,QB,11,22
Deshaun Watson,HOU,QB,7,23
Austin Hooper,ATL,TE,5,20
Adam Vinatieri,IND,PK,11,5
Cole Beasley,DAL,WR,6,64
DeAndre Washington,OAK,RB,10,60
Philadelphia Defense,PHI,DEF,10,11
Mason Crosby,GB,PK,8,6
Cooper Kupp,LAR,WR,8,65
Devontae Booker,DEN,RB,5,61
Atlanta Defense,ATL,DEF,5,12
Giovani Bernard,CIN,RB,6,62
Los Angeles Defense,LAR,DEF,8,13
Allen Hurns,JAC,WR,8,66
Robert Woods,LAR,WR,8,67
David Njoku,CLE,TE,9,21
Will Fuller,HOU,WR,7,68
Joe Flacco,BAL,QB,10,24
Sebastian Janikowski,OAK,PK,10,7
Jacksonville Defense,JAC,DEF,8,14
Darren Sproles,PHI,RB,10,63
Buffalo Defense,BUF,DEF,6,15
James Conner,PIT,RB,9,64
Pittsburgh Defense,PIT,DEF,9,16
Matt Prater,DET,PK,7,8
CJ Fiedorowicz,HOU,TE,7,22
Oakland Defense,OAK,DEF,10,17
Cairo Santos,KC,PK,10,9
Chris Boswell,PIT,PK,9,10
San Diego Defense,LAC,DEF,9,18
Graham Gano,CAR,PK,11,11
Brandon McManus,DEN,PK,5,12
Nick Novak,LAC,PK,9,13
Steven Hauschka,BUF,PK,6,14
Caleb Sturgis,MIA,PK,11,15
