David Johnson,ARI,RB,8,1
LeVeon Bell,PIT,RB,9,2
Ezekiel Elliott,DAL,RB,6,3
Antonio Brown,PIT,WR,9,1
Julio Jones,ATL,WR,5,2
Odell Beckham Jr,NYG,WR,8,3
LeSean McCoy,BUF,RB,6,4
Mike Evans,TB,WR,11,4
Melvin Gordon,LAC,RB,9,5
A.J. Green,CIN,WR,6,5
Devonta Freeman,ATL,RB,5,6
Jordy Nelson,GB,WR,8,6
Jay Ajayi,MIA,RB,11,7
Michael Thomas,NO,WR,5,7
DeMarco Murray,TEN,RB,8,8
Jordan Howard,CHI,RB,9,9
T.Y. Hilton,IND,WR,11,8
Dez Bryant,DAL,WR,6,9
Amari Cooper,OAK,WR,10,10
Marshawn Lynch,OAK,RB,10,10
Rob Gronkowski,NE,TE,9,1
Todd Gurley,LAR,RB,8,11
Leonard Fournette,JAC,RB,8,12
Doug Baldwin,SEA,WR,6,11
DeAndre Hopkins,HOU,WR,7,12
Brandin Cooks,NE,WR,9,13
Lamar Miller,HOU,RB,7,13
Aaron Rodgers,GB,QB,8,1
Isaiah Crowell,CLE,RB,9,14
Demaryius Thomas,DEN,WR,5,14
Keenan Allen,LAC,WR,9,15
Tom Brady,NE,QB,9,2
Christian McCaffrey,CAR,RB,11,15
Allen Robinson,JAC,WR,8,16
Joe Mixon,CIN,RB,6,16
Alshon Jeffery,PHI,WR,10,17
Terrelle Pryor,WAS,WR,5,18
Travis Kelce,KC,TE,10,2
Jarvis Landry,MIA,WR,11,19
Sammy Watkins,BUF,WR,6,20
Ty Montgomery,GB,RB,8,17
Davante Adams,GB,WR,8,21
Jordan Reed,WAS,TE,5,3
Tyreek Hill,KC,WR,10,22
Carlos Hyde,SF,RB,11,18
Spencer Ware,KC,RB,10,19
Michael Crabtree,OAK,WR,10,23
Drew Brees,NO,QB,5,3
Martavis Bryant,PIT,WR,9,24
Doug Martin,TB,RB,11,20
Julian Edelman,NE,WR,9,25
Golden Tate,DET,WR,7,26
Adrian Peterson,NO,RB,5,21
Greg Olsen,CAR,TE,11,4
Larry Fitzgerald,ARI,WR,8,27
CJ Anderson,DEN,RB,5,22
Ameer Abdullah,DET,RB,7,23
Brandon Marshall,NYG,WR,8,28
Jamison Crowder,WAS,WR,5,29
Matt Ryan,ATL,QB,5,4
LeGarrette Blount,PHI,RB,10,24
Tevin Coleman,ATL,RB,5,25
Bilal Powell,NYJ,RB,11,26
Danny Woodhead,BAL,RB,10,27
Andrew Luck,IND,QB,11,5
Willie Snead,NO,WR,5,30
Dalvin Cook,MIN,RB,9,28
Jimmy Graham,SEA,TE,6,5
Kelvin Benjamin,CAR,WR,11,31
Mike Gillislee,NE,RB,9,29
Stefon Diggs,MIN,WR,9,32
Eddie Lacy,SEA,RB,6,30
Donte Moncrief,IND,WR,11,33
Paul Perkins,NYG,RB,8,31
Tyler Eifert,CIN,TE,6,6
Mark Ingram,NO,RB,5,32
Derek Carr,OAK,QB,10,6
Emmanuel Sanders,DEN,WR,5,34
Derrick Henry,TEN,RB,8,33
Delanie Walker,TEN,TE,8,7
Frank Gore,IND,RB,11,34
Pierre Garcon,SF,WR,11,35
Martellus Bennett,GB,TE,8,8
Theo Riddick,DET,RB,7,35
Russell Wilson,SEA,QB,6,7
DeVante Parker,MIA,WR,11,36
Samaje Perine,WAS,RB,5,36
Jeremy Maclin,BAL,WR,10,37
DeSean Jackson,TB,WR,11,38
Cam Newton,CAR,QB,11,8
Randall Cobb,GB,WR,8,39
Ben Roethlisberger,PIT,QB,9,9
CJ Prosise,SEA,RB,6,37
Kareem Hunt,KC,RB,10,38
Kyle Rudolph,MIN,TE,9,9
Latavius Murray,MIN,RB,9,39
Eric Decker,TEN,WR,8,40
Kirk Cousins,WAS,QB,5,10
Jamaal Charles,DEN,RB,5,40
Cameron Meredith,CHI,WR,9,41
Matt Forte,NYJ,RB,11,41
Jameis Winston,TB,QB,11,11
Hunter Henry,LAC,TE,9,10
Corey Davis,TEN,WR,8,42
John Brown,ARI,WR,8,43
Rob Kelley,WAS,RB,5,42
Kenneth Dixon,BAL,RB,10,43
Marcus Mariota,TEN,QB,8,12
James White,NE,RB,9,44
Corey Coleman,CLE,WR,9,44
Denver Defense,DEN,DEF,5,1
Quincy Enunwa,NYJ,WR,11,45
Philip Rivers,LAC,QB,9,13
Marvin Jones,DET,WR,7,46
Zach Ertz,PHI,TE,10,11
Jonathan Stewart,CAR,RB,11,45
Terrance West,BAL,RB,10,46
Dak Prescott,DAL,QB,6,14
Houston Defense,HOU,DEF,7,2
Kansas City Defense,KC,DEF,10,3
Mike Williams,LAC,WR,9,47
Adam Thielen,MIN,WR,9,48
Jack Doyle,IND,TE,11,12
Duke Johnson,CLE,RB,9,47
Matthew Stafford,DET,QB,7,15
Tyrell Williams,LAC,WR,9,49
Mike Wallace,BAL,WR,10,50
Thomas Rawls,SEA,RB,6,48
Eli Manning,NYG,QB,8,16
Seattle Defense,SEA,DEF,6,4
Rishard Matthews,TEN,WR,8,51
Jordan Matthews,PHI,WR,10,52
New England Defense,NE,DEF,9,5
Jamaal Williams,GB,RB,8,49
Jeremy Hill,CIN,RB,6,50
Kenny Britt,CLE,WR,9,53
Andy Dalton,CIN,QB,6,17
Marlon Mack,IND,RB,11,51
Eric Ebron,DET,TE,7,13
Jacquizz Rodgers,TB,RB,11,52
John Ross,CIN,WR,6,54
Josh Doctson,WAS,WR,5,55
Minnesota Defense,MIN,DEF,9,6
O.J. Howard,TB,TE,11,14
Arizona Defense,ARI,DEF,8,7
Tyrod Taylor,BUF,QB,6,18
Carson Wentz,PHI,QB,10,19
Kevin White,CHI,WR,9,56
Dion Lewis,NE,RB,9,53
Joe Williams,SF,RB,11,54
Justin Tucker,BAL,PK,10,1
NY Giants Defense,NYG,DEF,8,8
Cole Beasley,DAL,WR,6,57
Darren Sproles,PHI,RB,10,55
Taylor Gabriel,ATL,WR,5,58
Stephen Gostkowski,NE,PK,9,2
Alvin Kamara,NO,RB,5,56
Matt Bryant,ATL,PK,5,3
Sterling Shepard,NYG,WR,8,59
Breshad Perriman,BAL,WR,10,60
Charles Sims,TB,RB,11,57
Coby Fleener,NO,TE,5,15
Julius Thomas,MIA,TE,11,16
Carson Palmer,ARI,QB,8,20
Robert Woods,LAR,WR,8,61
Austin Hooper,ATL,TE,5,17
Jonathan Williams,None,RB,None,58
Chris Hogan,NE,WR,9,62
Giovani Bernard,CIN,RB,6,59
Dan Bailey,DAL,PK,6,4
Jason Witten,DAL,TE,6,18
Jared Cook,OAK,TE,10,19
Blake Bortles,JAC,QB,8,21
Dwayne Allen,NE,TE,9,20
Atlanta Defense,ATL,DEF,5,9
Evan Engram,NYG,TE,8,21
DeAngelo Williams,PIT,RB,9,60
Donta Foreman,HOU,RB,7,61
Devontae Booker,DEN,RB,5,62
Rex Burkhead,NE,RB,9,63
Baltimore Defense,BAL,DEF,10,10
Cameron Brate,TB,TE,11,22
Ryan Tannehill,MIA,QB,11,22
Cooper Kupp,LAR,WR,8,63
Adam Vinatieri,IND,PK,11,5
David Njoku,CLE,TE,9,23
Zay Jones,BUF,WR,6,64
CJ Fiedorowicz,HOU,TE,7,24
Tyler Lockett,SEA,WR,6,65
Tavon Austin,LAR,WR,8,66
Carolina Defense,CAR,DEF,11,11
DeAndre Washington,OAK,RB,10,64
Deshaun Watson,HOU,QB,7,23
Darren McFadden,DAL,RB,6,65
J.J. Nelson,ARI,WR,8,67
Allen Hurns,JAC,WR,8,68
Mason Crosby,GB,PK,8,6
Chris Thompson,WAS,RB,5,66
Joe Flacco,BAL,QB,10,24
Mohamed Sanu,ATL,WR,5,69
James Conner,PIT,RB,9,67
Curtis Samuel,CAR,WR,11,70
Philadelphia Defense,PHI,DEF,10,12
Ted Ginn Jr,NO,WR,5,71
Jacksonville Defense,JAC,DEF,8,13
Marqise Lee,JAC,WR,8,72
Will Fuller,HOU,WR,7,73
Sam Bradford,MIN,QB,9,25
Oakland Defense,OAK,DEF,10,14
Devin Funchess,CAR,WR,11,74
Matt Prater,DET,PK,7,7
Sebastian Janikowski,OAK,PK,10,8
Los Angeles Defense,LAR,DEF,8,15
San Diego Defense,LAC,DEF,9,16
Chris Boswell,PIT,PK,9,9
Pittsburgh Defense,PIT,DEF,9,17
Buffalo Defense,BUF,DEF,6,18
Brandon McManus,DEN,PK,5,10
Steven Hauschka,BUF,PK,6,11
Cairo Santos,KC,PK,10,12
Kenyan Drake,MIA,RB,11,68
Graham Gano,CAR,PK,11,13
Shayne Graham,NO,PK,5,14
Roberto Aguayo,TB,PK,11,15
Phil Dawson,ARI,PK,8,16
Nick Novak,LAC,PK,9,17
