David Johnson,ARI,RB,8,1
LeVeon Bell,PIT,RB,9,2
Antonio Brown,PIT,WR,9,1
Ezekiel Elliott,DAL,RB,6,3
Julio Jones,ATL,WR,5,2
LeSean McCoy,BUF,RB,6,4
Odell Beckham Jr,NYG,WR,8,3
Melvin Gordon,LAC,RB,9,5
Mike Evans,TB,WR,11,4
Devonta Freeman,ATL,RB,5,6
A.J. Green,CIN,WR,6,5
Jay Ajayi,MIA,RB,11,7
Jordy Nelson,GB,WR,8,6
Jordan Howard,CHI,RB,9,8
DeMarco Murray,TEN,RB,8,9
Michael Thomas,NO,WR,5,7
Leonard Fournette,JAC,RB,8,10
Todd Gurley,LAR,RB,8,11
Dez Bryant,DAL,WR,6,8
Rob Gronkowski,NE,TE,9,1
T.Y. Hilton,IND,WR,11,9
Marshawn Lynch,OAK,RB,10,12
Amari Cooper,OAK,WR,10,10
Aaron Rodgers,GB,QB,8,1
Lamar Miller,HOU,RB,7,13
Isaiah Crowell,CLE,RB,9,14
Doug Baldwin,SEA,WR,6,11
Tom Brady,NE,QB,9,2
Brandin Cooks,NE,WR,9,12
DeAndre Hopkins,HOU,WR,7,13
Terrelle Pryor,WAS,WR,5,14
Joe Mixon,CIN,RB,6,15
Ty Montgomery,GB,RB,8,16
Sammy Watkins,BUF,WR,6,15
Demaryius Thomas,DEN,WR,5,16
Spencer Ware,KC,RB,10,17
Alshon Jeffery,PHI,WR,10,17
Travis Kelce,KC,TE,10,2
Christian McCaffrey,CAR,RB,11,18
Carlos Hyde,SF,RB,11,19
Allen Robinson,JAC,WR,8,18
Keenan Allen,LAC,WR,9,19
Drew Brees,NO,QB,5,3
Tyreek Hill,KC,WR,10,20
Mike Gillislee,NE,RB,9,20
Davante Adams,GB,WR,8,21
Doug Martin,TB,RB,11,21
Martavis Bryant,PIT,WR,9,22
Adrian Peterson,NO,RB,5,22
Jordan Reed,WAS,TE,5,3
Dalvin Cook,MIN,RB,9,23
Michael Crabtree,OAK,WR,10,23
Jarvis Landry,MIA,WR,11,24
LeGarrette Blount,PHI,RB,10,24
Greg Olsen,CAR,TE,11,4
CJ Anderson,DEN,RB,5,25
Ameer Abdullah,DET,RB,7,26
Brandon Marshall,NYG,WR,8,25
Eddie Lacy,SEA,RB,6,27
Julian Edelman,NE,WR,9,26
Andrew Luck,IND,QB,11,4
Paul Perkins,NYG,RB,8,28
Golden Tate,DET,WR,7,27
Matt Ryan,ATL,QB,5,5
Kelvin Benjamin,CAR,WR,11,28
Jimmy Graham,SEA,TE,6,5
Mark Ingram,NO,RB,5,29
Tevin Coleman,ATL,RB,5,30
Larry Fitzgerald,ARI,WR,8,29
Jamison Crowder,WAS,WR,5,30
Derrick Henry,TEN,RB,8,31
Bilal Powell,NYJ,RB,11,32
Donte Moncrief,IND,WR,11,31
Derek Carr,OAK,QB,10,6
Tyler Eifert,CIN,TE,6,6
Willie Snead,NO,WR,5,32
Frank Gore,IND,RB,11,33
Martellus Bennett,GB,TE,8,7
Danny Woodhead,BAL,RB,10,34
Stefon Diggs,MIN,WR,9,33
Russell Wilson,SEA,QB,6,7
Samaje Perine,WAS,RB,5,35
Delanie Walker,TEN,TE,8,8
Emmanuel Sanders,DEN,WR,5,34
Cam Newton,CAR,QB,11,8
DeSean Jackson,TB,WR,11,35
Jeremy Maclin,BAL,WR,10,36
Kareem Hunt,KC,RB,10,36
Jameis Winston,TB,QB,11,9
Pierre Garcon,SF,WR,11,37
Ben Roethlisberger,PIT,QB,9,10
Terrance West,BAL,RB,10,37
Latavius Murray,MIN,RB,9,38
Rob Kelley,WAS,RB,5,39
DeVante Parker,MIA,WR,11,38
Jonathan Stewart,CAR,RB,11,40
Hunter Henry,LAC,TE,9,9
Eric Decker,TEN,WR,8,39
Kirk Cousins,WAS,QB,5,11
Jamaal Charles,DEN,RB,5,41
Randall Cobb,GB,WR,8,40
Kyle Rudolph,MIN,TE,9,10
Denver Defense,DEN,DEF,5,1
Marcus Mariota,TEN,QB,8,12
John Brown,ARI,WR,8,41
Matt Forte,NYJ,RB,11,42
Tyrell Williams,LAC,WR,9,42
Cameron Meredith,CHI,WR,9,43
Thomas Rawls,SEA,RB,6,43
Corey Davis,TEN,WR,8,44
Philip Rivers,LAC,QB,9,13
Theo Riddick,DET,RB,7,44
Houston Defense,HOU,DEF,7,2
Dak Prescott,DAL,QB,6,14
Jacquizz Rodgers,TB,RB,11,45
O.J. Howard,TB,TE,11,11
Kansas City Defense,KC,DEF,10,3
Corey Coleman,CLE,WR,9,45
Jamaal Williams,GB,RB,8,46
Quincy Enunwa,NYJ,WR,11,46
Seattle Defense,SEA,DEF,6,4
Matthew Stafford,DET,QB,7,15
Marvin Jones,DET,WR,7,47
New England Defense,NE,DEF,9,5
Jeremy Hill,CIN,RB,6,47
Taylor Gabriel,ATL,WR,5,48
Eli Manning,NYG,QB,8,16
Adam Thielen,MIN,WR,9,49
Zach Ertz,PHI,TE,10,12
CJ Prosise,SEA,RB,6,48
Kenny Britt,CLE,WR,9,50
Kenneth Dixon,BAL,RB,10,49
James White,NE,RB,9,50
Minnesota Defense,MIN,DEF,9,6
Tyrod Taylor,BUF,QB,6,17
Jordan Matthews,PHI,WR,10,51
Jack Doyle,IND,TE,11,13
Sterling Shepard,NYG,WR,8,52
Arizona Defense,ARI,DEF,8,7
Andy Dalton,CIN,QB,6,18
Joe Williams,SF,RB,11,51
Mike Wallace,BAL,WR,10,53
Eric Ebron,DET,TE,7,14
Marlon Mack,IND,RB,11,52
Rishard Matthews,TEN,WR,8,54
John Ross,CIN,WR,6,55
NY Giants Defense,NYG,DEF,8,8
Duke Johnson,CLE,RB,9,53
Carson Wentz,PHI,QB,10,19
Justin Tucker,BAL,PK,10,1
Carson Palmer,ARI,QB,8,20
Stephen Gostkowski,NE,PK,9,2
Jonathan Williams,BUF,RB,6,54
Josh Doctson,WAS,WR,5,56
Carolina Defense,CAR,DEF,11,9
Zay Jones,BUF,WR,6,57
Cameron Brate,TB,TE,11,15
Ted Ginn Jr,NO,WR,5,58
Jared Cook,OAK,TE,10,16
Julius Thomas,MIA,TE,11,17
Kevin White,CHI,WR,9,59
Dan Bailey,DAL,PK,6,3
Darren McFadden,DAL,RB,6,55
Matt Bryant,ATL,PK,5,4
J.J. Nelson,ARI,WR,8,60
Mohamed Sanu,ATL,WR,5,61
Devontae Booker,DEN,RB,5,56
DeAndre Washington,OAK,RB,10,57
Austin Hooper,ATL,TE,5,18
Blake Bortles,JAC,QB,8,21
Mike Williams,LAC,WR,9,62
Coby Fleener,NO,TE,5,19
Giovani Bernard,CIN,RB,6,58
Alvin Kamara,NO,RB,5,59
Allen Hurns,JAC,WR,8,63
Jason Witten,DAL,TE,6,20
Baltimore Defense,BAL,DEF,10,10
Cole Beasley,DAL,WR,6,64
Rex Burkhead,NE,RB,9,60
James Conner,PIT,RB,9,61
Jacksonville Defense,JAC,DEF,8,11
Tyler Lockett,SEA,WR,6,65
Dion Lewis,NE,RB,9,62
Sebastian Janikowski,OAK,PK,10,5
Donta Foreman,HOU,RB,7,63
Darren Sproles,PHI,RB,10,64
Breshad Perriman,BAL,WR,10,66
Will Fuller,HOU,WR,7,67
Ryan Tannehill,MIA,QB,11,22
Evan Engram,NYG,TE,8,21
Mason Crosby,GB,PK,8,6
Atlanta Defense,ATL,DEF,5,12
Los Angeles Defense,LAR,DEF,8,13
David Njoku,CLE,TE,9,22
Adam Vinatieri,IND,PK,11,7
Deshaun Watson,HOU,QB,7,23
Robert Woods,LAR,WR,8,68
Philadelphia Defense,PHI,DEF,10,14
Curtis Samuel,CAR,WR,11,69
Pittsburgh Defense,PIT,DEF,9,15
Oakland Defense,OAK,DEF,10,16
Joe Flacco,BAL,QB,10,24
Brandon McManus,DEN,PK,5,8
Cairo Santos,KC,PK,10,9
Kenny Stills,MIA,WR,11,70
Matt Prater,DET,PK,7,10
Dustin Hopkins,WAS,PK,5,11
Buffalo Defense,BUF,DEF,6,17
Chris Boswell,PIT,PK,9,12
Steven Hauschka,BUF,PK,6,13
Graham Gano,CAR,PK,11,14
Shayne Graham,NO,PK,5,15
