David Johnson,ARI,RB,8,1
LeVeon Bell,PIT,RB,9,2
Antonio Brown,PIT,WR,9,1
Ezekiel Elliott,DAL,RB,6,3
Julio Jones,ATL,WR,5,2
Odell Beckham Jr,NYG,WR,8,3
LeSean McCoy,BUF,RB,6,4
Mike Evans,TB,WR,11,4
A.J. Green,CIN,WR,6,5
Melvin Gordon,LAC,RB,9,5
Devonta Freeman,ATL,RB,5,6
Jordy Nelson,GB,WR,8,6
Jay Ajayi,MIA,RB,11,7
Michael Thomas,NO,WR,5,7
DeMarco Murray,TEN,RB,8,8
Jordan Howard,CHI,RB,9,9
T.Y. Hilton,IND,WR,11,8
Amari Cooper,OAK,WR,10,9
Dez Bryant,DAL,WR,6,10
Todd Gurley,LAR,RB,8,10
Rob Gronkowski,NE,TE,9,1
Doug Baldwin,SEA,WR,6,11
Leonard Fournette,JAC,RB,8,11
Brandin Cooks,NE,WR,9,12
Marshawn Lynch,OAK,RB,10,12
DeAndre Hopkins,HOU,WR,7,13
Aaron Rodgers,GB,QB,8,1
Lamar Miller,HOU,RB,7,13
Demaryius Thomas,DEN,WR,5,14
Isaiah Crowell,CLE,RB,9,14
Keenan Allen,LAC,WR,9,15
Tom Brady,NE,QB,9,2
Terrelle Pryor,WAS,WR,5,16
Travis Kelce,KC,TE,10,2
Ty Montgomery,GB,RB,8,15
Sammy Watkins,BUF,WR,6,17
Christian McCaffrey,CAR,RB,11,16
Allen Robinson,JAC,WR,8,18
Joe Mixon,CIN,RB,6,17
Alshon Jeffery,PHI,WR,10,19
Jarvis Landry,MIA,WR,11,20
Davante Adams,GB,WR,8,21
Martavis Bryant,PIT,WR,9,22
Jordan Reed,WAS,TE,5,3
Tyreek Hill,KC,WR,10,23
Drew Brees,NO,QB,5,3
Michael Crabtree,OAK,WR,10,24
Carlos Hyde,SF,RB,11,18
Golden Tate,DET,WR,7,25
Danny Woodhead,BAL,RB,10,19
Spencer Ware,KC,RB,10,20
Julian Edelman,NE,WR,9,26
Greg Olsen,CAR,TE,11,4
Doug Martin,TB,RB,11,21
Larry Fitzgerald,ARI,WR,8,27
Mike Gillislee,NE,RB,9,22
Dalvin Cook,MIN,RB,9,23
Adrian Peterson,NO,RB,5,24
Jamison Crowder,WAS,WR,5,28
Ameer Abdullah,DET,RB,7,25
Willie Snead,NO,WR,5,29
Matt Ryan,ATL,QB,5,4
Stefon Diggs,MIN,WR,9,30
CJ Anderson,DEN,RB,5,26
Brandon Marshall,NYG,WR,8,31
Jimmy Graham,SEA,TE,6,5
Bilal Powell,NYJ,RB,11,27
Tevin Coleman,ATL,RB,5,28
LeGarrette Blount,PHI,RB,10,29
Paul Perkins,NYG,RB,8,30
Mark Ingram,NO,RB,5,31
Kelvin Benjamin,CAR,WR,11,32
Andrew Luck,IND,QB,11,5
Tyler Eifert,CIN,TE,6,6
Donte Moncrief,IND,WR,11,33
Emmanuel Sanders,DEN,WR,5,34
Derek Carr,OAK,QB,10,6
Eddie Lacy,SEA,RB,6,32
Pierre Garcon,SF,WR,11,35
Delanie Walker,TEN,TE,8,7
Jeremy Maclin,BAL,WR,10,36
Theo Riddick,DET,RB,7,33
Derrick Henry,TEN,RB,8,34
Martellus Bennett,GB,TE,8,8
Russell Wilson,SEA,QB,6,7
Frank Gore,IND,RB,11,35
Samaje Perine,WAS,RB,5,36
DeVante Parker,MIA,WR,11,37
Eric Decker,TEN,WR,8,38
Kyle Rudolph,MIN,TE,9,9
Randall Cobb,GB,WR,8,39
Kareem Hunt,KC,RB,10,37
CJ Prosise,SEA,RB,6,38
DeSean Jackson,TB,WR,11,40
Ben Roethlisberger,PIT,QB,9,8
John Brown,ARI,WR,8,41
Cameron Meredith,CHI,WR,9,42
Kirk Cousins,WAS,QB,5,9
Jameis Winston,TB,QB,11,10
Terrance West,BAL,RB,10,39
Cam Newton,CAR,QB,11,11
Jamaal Charles,DEN,RB,5,40
Tyrell Williams,LAC,WR,9,43
Marcus Mariota,TEN,QB,8,12
Jonathan Stewart,CAR,RB,11,41
Hunter Henry,LAC,TE,9,10
James White,NE,RB,9,42
Quincy Enunwa,NYJ,WR,11,44
Latavius Murray,MIN,RB,9,43
Duke Johnson,CLE,RB,9,44
Marvin Jones,DET,WR,7,45
Corey Davis,TEN,WR,8,46
Matt Forte,NYJ,RB,11,45
Denver Defense,DEN,DEF,5,1
Zach Ertz,PHI,TE,10,11
Corey Coleman,CLE,WR,9,47
Philip Rivers,LAC,QB,9,13
Adam Thielen,MIN,WR,9,48
Rob Kelley,WAS,RB,5,46
Jacquizz Rodgers,TB,RB,11,47
Houston Defense,HOU,DEF,7,2
Matthew Stafford,DET,QB,7,14
Jordan Matthews,PHI,WR,10,49
Kansas City Defense,KC,DEF,10,3
Eric Ebron,DET,TE,7,12
Kenny Britt,CLE,WR,9,50
Jack Doyle,IND,TE,11,13
Dak Prescott,DAL,QB,6,15
Seattle Defense,SEA,DEF,6,4
Thomas Rawls,SEA,RB,6,48
Taylor Gabriel,ATL,WR,5,51
Eli Manning,NYG,QB,8,16
New England Defense,NE,DEF,9,5
Mike Wallace,BAL,WR,10,52
Jamaal Williams,GB,RB,8,49
Rishard Matthews,TEN,WR,8,53
Kenneth Dixon,BAL,RB,10,50
John Ross,CIN,WR,6,54
Andy Dalton,CIN,QB,6,17
Minnesota Defense,MIN,DEF,9,6
Joe Williams,SF,RB,11,51
Tyrod Taylor,BUF,QB,6,18
Jeremy Hill,CIN,RB,6,52
Arizona Defense,ARI,DEF,8,7
Kevin White,CHI,WR,9,55
Cole Beasley,DAL,WR,6,56
O.J. Howard,TB,TE,11,14
Josh Doctson,WAS,WR,5,57
Darren Sproles,PHI,RB,10,53
NY Giants Defense,NYG,DEF,8,8
Justin Tucker,BAL,PK,10,1
Marlon Mack,IND,RB,11,54
Sterling Shepard,NYG,WR,8,58
Carson Wentz,PHI,QB,10,19
Stephen Gostkowski,NE,PK,9,2
Darren McFadden,DAL,RB,6,55
Robert Woods,LAR,WR,8,59
Giovani Bernard,CIN,RB,6,56
Chris Hogan,NE,WR,9,60
Carson Palmer,ARI,QB,8,20
Coby Fleener,NO,TE,5,15
Jason Witten,DAL,TE,6,16
DeAngelo Williams,PIT,RB,9,57
Julius Thomas,MIA,TE,11,17
Matt Bryant,ATL,PK,5,3
Jonathan Williams,BUF,RB,6,58
Atlanta Defense,ATL,DEF,5,9
James Conner,PIT,RB,9,59
Evan Engram,NYG,TE,8,18
Zay Jones,BUF,WR,6,61
Cameron Brate,TB,TE,11,19
Alvin Kamara,NO,RB,5,60
Charles Sims,TB,RB,11,61
Kenny Stills,MIA,WR,11,62
Jared Cook,OAK,TE,10,20
Austin Hooper,ATL,TE,5,21
Dwayne Allen,NE,TE,9,22
Tyler Lockett,SEA,WR,6,63
Ted Ginn Jr,NO,WR,5,64
Dion Lewis,NE,RB,9,62
Chris Thompson,WAS,RB,5,63
Dan Bailey,DAL,PK,6,4
Carolina Defense,CAR,DEF,11,10
Shane Vereen,NYG,RB,8,64
Blake Bortles,JAC,QB,8,21
Tavon Austin,LAR,WR,8,65
DeAndre Washington,OAK,RB,10,65
Mike Williams,LAC,WR,9,66
Cooper Kupp,LAR,WR,8,67
Mohamed Sanu,ATL,WR,5,68
Marqise Lee,JAC,WR,8,69
Breshad Perriman,BAL,WR,10,70
Robert Turbin,SEA,RB,6,66
Josh Gordon,CLE,WR,9,71
J.J. Nelson,ARI,WR,8,72
Rex Burkhead,NE,RB,9,67
Ryan Tannehill,MIA,QB,11,22
Sam Bradford,MIN,QB,9,23
Allen Hurns,JAC,WR,8,73
Devontae Booker,DEN,RB,5,68
Joe Flacco,BAL,QB,10,24
Mason Crosby,GB,PK,8,5
Jacksonville Defense,JAC,DEF,8,11
Baltimore Defense,BAL,DEF,10,12
Will Fuller,HOU,WR,7,74
Donta Foreman,HOU,RB,7,69
David Njoku,CLE,TE,9,23
Adam Vinatieri,IND,PK,11,6
Deshaun Watson,HOU,QB,7,25
Oakland Defense,OAK,DEF,10,13
Curtis Samuel,CAR,WR,11,75
Philadelphia Defense,PHI,DEF,10,14
Tampa Bay Defense,TB,DEF,11,15
Matt Prater,DET,PK,7,7
Los Angeles Defense,LAR,DEF,8,16
Sebastian Janikowski,OAK,PK,10,8
San Diego Defense,LAC,DEF,9,17
Pittsburgh Defense,PIT,DEF,9,18
Buffalo Defense,BUF,DEF,6,19
Cairo Santos,KC,PK,10,9
Chris Boswell,PIT,PK,9,10
Graham Gano,CAR,PK,11,11
Brandon McManus,DEN,PK,5,12
Steven Hauschka,BUF,PK,6,13
Nick Novak,LAC,PK,9,14
Shayne Graham,NO,PK,5,15
Dustin Hopkins,WAS,PK,5,16
Roberto Aguayo,TB,PK,11,17
