Antonio Brown,PIT,WR,9,1
Rob Gronkowski,NEP,TE,9,1
Matt Ryan,ATL,QB,5,1
David Johnson,ARZ,RB,8,1
Aaron Rodgers,GBP,QB,8,2
Travis Kelce,KCC,TE,10,2
Le'Veon Bell,PIT,RB,9,2
Odell Beckham,NYG,WR,8,2
Ezekiel Elliott,DAL,RB,6,3
Jordan Reed,WAS,TE,5,3
Julio Jones,ATL,WR,5,3
Tom Brady,NEP,QB,9,3
Greg Olsen,CAR,TE,11,4
Drew Brees,NOR,QB,5,4
LeSean McCoy,BUF,RB,6,4
Mike Evans,TBB,WR,11,4
A.J. Green,CIN,WR,6,5
Andrew Luck,IND,QB,11,5
Jimmy Graham,SEA,TE,6,5
Melvin Gordon,LAC,RB,9,5
Devonta Freeman,ATL,RB,5,6
Jordy Nelson,GBP,WR,8,6
Russell Wilson,SEA,QB,6,6
Tyler Eifert,CIN,TE,6,6
Cam Newton,CAR,QB,11,7
Jordan Howard,CHI,RB,9,7
Michael Thomas,NOR,WR,5,7
Delanie Walker,TEN,TE,8,7
Derek Carr,OAK,QB,10,8
Hunter Henry,LAC,TE,9,8
DeMarco Murray,TEN,RB,8,8
T.Y. Hilton,IND,WR,11,8
Jay Ajayi,MIA,RB,11,9
Dez Bryant,DAL,WR,6,9
Martellus Bennett,GBP,TE,8,9
Jameis Winston,TBB,QB,11,9
Todd Gurley,LAR,RB,8,10
Ben Roethlisberger,PIT,QB,9,10
Amari Cooper,OAK,WR,10,10
Kyle Rudolph,MIN,TE,9,10
Leonard Fournette,JAC,RB,8,11
Zach Ertz,PHI,TE,10,11
Kirk Cousins,WAS,QB,5,11
DeAndre Hopkins,HOU,WR,7,11
Dak Prescott,DAL,QB,6,12
Brandin Cooks,NEP,WR,9,12
Lamar Miller,HOU,RB,7,12
Jack Doyle,IND,TE,11,12
Eric Ebron,DET,TE,7,13
Isaiah Crowell,CLE,RB,9,13
Marcus Mariota,TEN,QB,8,13
Doug Baldwin,SEA,WR,6,13
Allen Robinson,JAC,WR,8,14
O.J. Howard,TBB,TE,11,14
Marshawn Lynch,OAK,RB,10,14
Philip Rivers,LAC,QB,9,14
Coby Fleener,NOR,TE,5,15
Matthew Stafford,DET,QB,7,15
Alshon Jeffery,PHI,WR,10,15
Christian McCaffrey,CAR,RB,11,15
Eli Manning,NYG,QB,8,16
Julius Thomas,MIA,TE,11,16
Carlos Hyde,SFO,RB,11,16
Demaryius Thomas,DEN,WR,5,16
Keenan Allen,LAC,WR,9,17
Spencer Ware,KCC,RB,10,17
Jason Witten,DAL,TE,6,17
Andy Dalton,CIN,QB,6,17
Davante Adams,GBP,WR,8,18
Carson Wentz,PHI,QB,10,18
Tevin Coleman,ATL,RB,5,18
David Njoku,CLE,TE,9,18
Tyrod Taylor,BUF,QB,6,19
Sammy Watkins,BUF,WR,6,19
Cameron Brate,TBB,TE,11,19
Joe Mixon,CIN,RB,6,19
Evan Engram,NYG,TE,8,20
Terrelle Pryor,WAS,WR,5,20
Mark Ingram,NOR,RB,5,20
Blake Bortles,JAC,QB,8,20
Carson Palmer,ARZ,QB,8,21
Jarvis Landry,MIA,WR,11,21
C.J. Anderson,DEN,RB,5,21
C.J. Fiedorowicz,HOU,TE,7,21
Ryan Tannehill,MIA,QB,11,22
Austin Hooper,ATL,TE,5,22
Ty Montgomery,GBP,RB,8,22
Michael Crabtree,OAK,WR,10,22
Tyreek Hill,KCC,WR,10,23
Eddie Lacy,SEA,RB,6,23
Joe Flacco,BAL,QB,10,23
Dwayne Allen,NEP,TE,9,23
Dalvin Cook,MIN,RB,9,24
Alex Smith,KCC,QB,10,24
Julian Edelman,NEP,WR,9,24
Dennis Pitta,FA,TE,,24
Jared Cook,OAK,TE,10,25
Golden Tate,DET,WR,7,25
Sam Bradford,MIN,QB,9,25
Bilal Powell,NYJ,RB,11,25
Deshaun Watson,HOU,QB,7,26
Ameer Abdullah,DET,RB,7,26
Antonio Gates,LAC,TE,9,26
Larry Fitzgerald,ARZ,WR,8,26
Adrian Peterson,NOR,RB,5,27
Zach Miller,CHI,TE,9,27
Brandon Marshall,NYG,WR,8,27
Brian Hoyer,SFO,QB,11,27
Doug Martin,TBB,RB,11,28
Jared Goff,LAR,QB,8,28
Martavis Bryant,PIT,WR,9,28
Charles Clay,BUF,TE,6,28
Derrick Henry,TEN,RB,8,29
Trevor Siemian,DEN,QB,5,29
Kelvin Benjamin,CAR,WR,11,29
Jesse James,PIT,TE,9,29
Mike Gillislee,NEP,RB,9,30
DeShone Kizer,CLE,QB,9,30
Benjamin Watson,BAL,TE,10,30
Donte Moncrief,IND,WR,11,30
Emmanuel Sanders,DEN,WR,5,31
Virgil Green,DEN,TE,5,31
Paul Perkins,NYG,RB,8,31
Mike Glennon,CHI,QB,9,31
LeGarrette Blount,PHI,RB,10,32
Stefon Diggs,MIN,WR,9,32
Tyler Higbee,LAR,TE,8,32
Cody Kessler,CLE,QB,9,32
Mitchell Trubisky,CHI,QB,9,33
Danny Woodhead,BAL,RB,10,33
Jamison Crowder,WAS,WR,5,33
Gerald Everett,LAR,TE,8,33
Theo Riddick,DET,RB,7,34
Willie Snead,NOR,WR,5,34
Vance McDonald,SFO,TE,11,34
Paxton Lynch,DEN,QB,5,34
Vernon Davis,WAS,TE,5,35
Josh McCown,NYJ,QB,11,35
DeSean Jackson,TBB,WR,11,35
Frank Gore,IND,RB,11,35
Patrick Mahomes,KCC,QB,10,36
Latavius Murray,MIN,RB,9,36
Corey Davis,TEN,WR,8,36
Erik Swoope,IND,TE,11,36
Adam Shaheen,CHI,TE,9,37
Rob Kelley,WAS,RB,5,37
Randall Cobb,GBP,WR,8,37
Jimmy Garoppolo,NEP,QB,9,37
Ryan Griffin,HOU,TE,7,38
DeVante Parker,MIA,WR,11,38
Samaje Perine,WAS,RB,5,38
Teddy Bridgewater,MIN,QB,9,38
Jermaine Gresham,ARZ,TE,8,39
C.J. Prosise,SEA,RB,6,39
Pierre Garcon,SFO,WR,11,39
Tom Savage,HOU,QB,7,39
Jake Butt,DEN,TE,5,40
Matt Forte,NYJ,RB,11,40
Corey Coleman,CLE,WR,9,40
Ryan Fitzpatrick,TBB,QB,11,40
Austin Seferian-Jenkins,NYJ,TE,11,41
Kenneth Dixon,BAL,RB,10,41
Joshua Dobbs,PIT,QB,9,41
Eric Decker,TEN,WR,8,41
Kareem Hunt,KCC,RB,10,42
Brock Osweiler,CLE,QB,9,42
Will Tye,NYG,TE,8,42
Rishard Matthews,TEN,WR,8,42
Jamaal Charles,DEN,RB,5,43
Marcedes Lewis,JAC,TE,8,43
Chad Kelly,DEN,QB,5,43
Cameron Meredith,CHI,WR,9,43
Jordan Matthews,PHI,WR,10,44
Davis Webb,NYG,QB,8,44
Jonathan Stewart,CAR,RB,11,44
Jonnu Smith,TEN,TE,8,44
Lance Kendricks,GBP,TE,8,45
Jeremy Hill,CIN,RB,6,45
Christian Hackenberg,NYJ,QB,11,45
John Brown,ARZ,WR,8,45
Terrance West,BAL,RB,10,46
Nathan Peterman,BUF,QB,6,46
Clive Walford,OAK,TE,10,46
Mike Wallace,BAL,WR,10,46
Jeremy Maclin,BAL,WR,10,47
AJ McCarron,CIN,QB,6,47
James White,NEP,RB,9,47
Jeff Heuerman,DEN,TE,5,47
Jordan Leggett,NYJ,TE,11,48
C.J. Beathard,SFO,QB,11,48
Duke Johnson,CLE,RB,9,48
Adam Thielen,MIN,WR,9,48
Rico Gathers,DAL,TE,6,49
Marlon Mack,IND,RB,11,49
Mike Williams,LAC,WR,9,49
Marvin Jones,DET,WR,7,50
A.J. Derby,DEN,TE,5,50
Alvin Kamara,NOR,RB,5,50
Bucky Hodges,MIN,TE,9,51
Breshad Perriman,BAL,WR,10,51
Thomas Rawls,SEA,RB,6,51
Giovani Bernard,CIN,RB,6,52
Dion Sims,CHI,TE,9,52
Tyrell Williams,LAC,WR,9,52
Kevin White,CHI,WR,9,53
Darren Sproles,PHI,RB,10,53
Maxx Williams,BAL,TE,10,53
Kenny Britt,CLE,WR,9,54
Jamaal Williams,GBP,RB,8,54
George Kittle,SFO,TE,11,54
Joe Williams,SFO,RB,11,55
Sterling Shepard,NYG,WR,8,55
Josh Doctson,WAS,WR,5,56
Dion Lewis,NEP,RB,9,56
John Ross,CIN,WR,6,57
Charles Sims,TBB,RB,11,57
Tyler Lockett,SEA,WR,6,58
D'Onta Foreman,HOU,RB,7,58
Chris Thompson,WAS,RB,5,59
Ted Ginn Jr.,NOR,WR,5,59
Quincy Enunwa,NYJ,WR,11,60
Rex Burkhead,NEP,RB,9,60
Zay Jones,BUF,WR,6,61
Jacquizz Rodgers,TBB,RB,11,61
Jonathan Williams,BUF,RB,6,62
Kenny Stills,MIA,WR,11,62
Cole Beasley,DAL,WR,6,63
Devontae Booker,DEN,RB,5,63
Shane Vereen,NYG,RB,8,64
Taylor Gabriel,ATL,WR,5,64
James Conner,PIT,RB,9,65
Will Fuller,HOU,WR,7,65
Robert Woods,LAR,WR,8,66
DeAndre Washington,OAK,RB,10,66
Wayne Gallman,NYG,RB,8,67
Allen Hurns,JAC,WR,8,67
J.J. Nelson,ARZ,WR,8,68
T.J. Yeldon,JAC,RB,8,68
Marqise Lee,JAC,WR,8,69
Tim Hightower,SFO,RB,11,69
Darren McFadden,DAL,RB,6,70
Mohamed Sanu,ATL,WR,5,70
Jalen Richard,OAK,RB,10,71
Curtis Samuel,CAR,WR,11,71
Josh Gordon,CLE,WR,9,72
Jerick McKinnon,MIN,RB,9,72
Tavon Austin,LAR,WR,8,73
Jeremy McNichols,TBB,RB,11,73
Cooper Kupp,LAR,WR,8,74
Wendell Smallwood,PHI,RB,10,74
Branden Oliver,LAC,RB,9,75
Malcolm Mitchell,NEP,WR,9,75
Ryan Mathews,PHI,RB,10,76
JuJu Smith-Schuster,PIT,WR,9,76
Kamar Aiken,IND,WR,11,77
Matt Asiata,DET,RB,7,77
Kenyan Drake,MIA,RB,11,78
Chris Hogan,NEP,WR,9,78
Aaron Jones,GBP,RB,8,79
Chris Conley,KCC,WR,10,79
Michael Floyd,MIN,WR,9,80
Lance Dunbar,LAR,RB,8,80
Kyle Juszczyk,SFO,RB,11,81
Devin Funchess,CAR,WR,11,81
Donnel Pumphrey,PHI,RB,10,82
Chris Godwin,TBB,WR,11,82
Elijah Hood,OAK,RB,10,83
Torrey Smith,PHI,WR,10,83
Brandon LaFell,CIN,WR,6,84
Travaris Cadet,NOR,RB,5,84
Travis Benjamin,LAC,WR,9,85
Kenneth Farrow,LAC,RB,9,85
Charcandrick West,KCC,RB,10,86
Tyler Boyd,CIN,WR,6,86
Robby Anderson,NYJ,WR,11,87
Chris Ivory,JAC,RB,8,87
ArDarius Stewart,NYJ,WR,11,88
Kerwynn Williams,ARZ,RB,8,88
Benny Cunningham,CHI,RB,9,89
Laquon Treadwell,MIN,WR,9,89
Eli Rogers,PIT,WR,9,90
Jeremy Langford,CHI,RB,9,90
Kenny Golladay,DET,WR,7,91
Robert Turbin,IND,RB,11,91
Ryan Switzer,DAL,WR,6,92
Devante Mays,GBP,RB,8,92
Paul Richardson,SEA,WR,6,93
Elijah McGuire,NYJ,RB,11,93
Phillip Dorsett,IND,WR,11,94
Dwayne Washington,DET,RB,7,94
Taywan Taylor,TEN,WR,8,95
Zach Zenner,DET,RB,7,95
Josh Reynolds,LAR,WR,8,96
Tarik Cohen,CHI,RB,9,96
Terrance Williams,DAL,WR,6,97
Christine Michael,IND,RB,11,97
Kendall Wright,CHI,WR,9,98
Damien Williams,MIA,RB,11,98
Jeremy Kerley,SFO,WR,11,99
Andre Ellington,ARZ,RB,8,99
T.J. Logan,ARZ,RB,8,100
Brian Quick,WAS,WR,5,100
Chad Williams,ARZ,WR,8,101
Matt Jones,WAS,RB,5,101
Seth Roberts,OAK,WR,10,102
Alfred Morris,DAL,RB,6,102
Brian Hill,ATL,RB,5,103
Brandon Coleman,NOR,WR,5,103
Carlos Henderson,DEN,WR,5,104
Corey Clement,PHI,RB,10,104
Dontrelle Inman,LAC,WR,9,105
De'Angelo Henderson,DEN,RB,5,105
Dede Westbrook,JAC,WR,8,106
Andre Holmes,BUF,WR,6,107
Jermaine Kearse ,SEA,WR,6,108
Tajae Sharpe,TEN,WR,8,109
Victor Cruz,CHI,WR,9,110
Cordarrelle Patterson,OAK,WR,10,111
Amara Darboh,SEA,WR,6,112
Malachi Dupre,GBP,WR,8,113
Braxton Miller,HOU,WR,7,114
Geronimo Allison,GBP,WR,8,115
Leonte Carroo,MIA,WR,11,116
Markus Wheaton,CHI,WR,9,117
Marquise Goodwin,SFO,WR,11,118
Michael Campanaro,BAL,WR,10,119
Ishmael Zamora,OAK,WR,10,120
Jehu Chesson,KCC,WR,10,121
Nelson Agholor,PHI,WR,10,122
Mack Hollins,PHI,WR,10,123
DeAngelo Yancey,GBP,WR,8,124
Chad Hansen,NYJ,WR,11,125
Pharoh Cooper,LAR,WR,8,126
Dorial Green-Beckham,PHI,WR,10,127
Sammie Coates,PIT,WR,9,128
Adam Humphries,TBB,WR,11,129
Denver Broncos,DEN,DEF,,1
Arizona Cardinals,ARI,DEF,,2
Houston Texans,HOU,DEF,,3
Carolina Panthers,CAR,DEF,,4
Kansas City Chiefs,KC,DEF,,5
New England Patriots,NE,DEF,,6
Seattle Seahawks,SEA,DEF,,7
New York Giants,NYG,DEF,,8
Minnesota Vikings,MIN,DEF,,9
Jacksonville Jaguars,JAC,DEF,,10
Pittsburgh Steelers,PIT,DEF,,11
Oakland Raiders,OAK,DEF,,12
Baltimore Ravens,BAL,DEF,,13
Tennessee Titans,TEN,DEF,,14
Philadelphia Eagles,PHI,DEF,,15
Los Angeles Chargers,LAC,DEF,,16
Atlanta Falcons,ATL,DEF,,17
Green Bay Packers,GB,DEF,,18
Tampa Bay Buccaneers,TB,DEF,,19
Cincinnati Bengals,CIN,DEF,,20
San Francisco 49ers,SF,DEF,,21
Miami Dolphins,MIA,DEF,,22
Washington Redskins,WAS,DEF,,23
Los Angeles Rams,LAR,DEF,,24
Dallas Cowboys,DAL,DEF,,25
New York Jets,NYJ,DEF,,26
Indianapolis Colts,IND,DEF,,27
Chicago Bears,CHI,DEF,,28
New Orleans Saints,NO,DEF,,29
Cleveland Browns,CLE,DEF,,30
Detroit Lions,DET,DEF,,31
Buffalo Bills,BUF,DEF,,32
Stephen Gostkowski,NE,PK,,1
Justin Tucker,BAL,PK,,2
Dan Bailey,DAL,PK,,3
Matt Bryant,ATL,PK,,4
Chris Boswell,PIT,PK,,5
Matt Prater,DET,PK,,6
Brandon McManus,DEN,PK,,7
Caleb Sturgis,PHI,PK,,8
Mason Crosby,GB,PK,,9
Adam Vinatieri,IND,PK,,10
Dustin Hopkins,WAS,PK,,11
Cairo Santos,KC,PK,,12
Nick Novak,HOU,PK,,13
Blair Walsh,SEA,PK,,14
Will Lutz,NO,PK,,15
Sebastian Janikowski,OAK,PK,,16
Kai Forbath,MIN,PK,,17
Jason Myers,JAC,PK,,18
Steven Hauschka,BUF,PK,,19
Chandler Catanzaro,NYJ,PK,,20
Aldrick Rosas,NYG,PK,,21
Josh Lambo,LAC,PK,,22
Graham Gano,CAR,PK,,23
Ryan Succop,TEN,PK,,24
Nick Folk,TB,PK,,25
Jake Elliott,CIN,PK,,26
Robbie Gould,SF,PK,,27
Phil Dawson,ARI,PK,,28
Zane Gonzalez,CLE,PK,,29
Connor Barth,CHI,PK,,30
Cody Parkey,CLE,PK,,31
Andrew Franks,MIA,PK,,32
Greg Zuerlein,LAR,PK,,33
Randy Bullock,CIN,PK,,34
Roberto Aguayo,TB,PK,,35
