David Johnson,ARZ,RB,8,1
Le'Veon Bell,PIT,RB,9,2
Ezekiel Elliott,DAL,RB,6,3
Antonio Brown,PIT,WR,9,1
Odell Beckham,NYG,WR,8,2
Julio Jones,ATL,WR,5,3
Mike Evans,TBB,WR,11,4
LeSean McCoy,BUF,RB,6,4
Melvin Gordon,LAC,RB,9,5
A.J. Green,CIN,WR,6,5
Devonta Freeman,ATL,RB,5,6
Jordy Nelson,GBP,WR,8,6
Michael Thomas,NOR,WR,5,7
Jordan Howard,CHI,RB,9,7
T.Y. Hilton,IND,WR,11,8
DeMarco Murray,TEN,RB,8,8
Jay Ajayi,MIA,RB,11,9
Dez Bryant,DAL,WR,6,9
Todd Gurley,LAR,RB,8,10
Amari Cooper,OAK,WR,10,10
Rob Gronkowski,NEP,TE,9,1
DeAndre Hopkins,HOU,WR,7,11
Leonard Fournette,JAC,RB,8,11
Brandin Cooks,NEP,WR,9,12
Doug Baldwin,SEA,WR,6,13
Lamar Miller,HOU,RB,7,12
Aaron Rodgers,GBP,QB,8,1
Allen Robinson,JAC,WR,8,14
Alshon Jeffery,PHI,WR,10,15
Demaryius Thomas,DEN,WR,5,16
Keenan Allen,LAC,WR,9,17
Davante Adams,GBP,WR,8,18
Isaiah Crowell,CLE,RB,9,13
Marshawn Lynch,OAK,RB,10,14
Sammy Watkins,BUF,WR,6,19
Travis Kelce,KCC,TE,10,2
Terrelle Pryor,WAS,WR,5,20
Jarvis Landry,MIA,WR,11,21
Tom Brady,NEP,QB,9,2
Christian McCaffrey,CAR,RB,11,15
Carlos Hyde,SFO,RB,11,16
Jordan Reed,WAS,TE,5,3
Spencer Ware,KCC,RB,10,17
Michael Crabtree,OAK,WR,10,22
Drew Brees,NOR,QB,5,3
Tyreek Hill,KCC,WR,10,23
Andrew Luck,IND,QB,11,4
Tevin Coleman,ATL,RB,5,18
Joe Mixon,CIN,RB,6,19
Mark Ingram,NOR,RB,5,20
Greg Olsen,CAR,TE,11,4
Julian Edelman,NEP,WR,9,24
C.J. Anderson,DEN,RB,5,21
Golden Tate,DET,WR,7,25
Ty Montgomery,GBP,RB,8,22
Larry Fitzgerald,ARZ,WR,8,26
Eddie Lacy,SEA,RB,6,23
Brandon Marshall,NYG,WR,8,27
Martavis Bryant,PIT,WR,9,28
Kelvin Benjamin,CAR,WR,11,29
Donte Moncrief,IND,WR,11,30
Emmanuel Sanders,DEN,WR,5,31
Matt Ryan,ATL,QB,5,5
Dalvin Cook,MIN,RB,9,24
Bilal Powell,NYJ,RB,11,25
Ameer Abdullah,DET,RB,7,26
Stefon Diggs,MIN,WR,9,32
Jimmy Graham,SEA,TE,6,5
Tyler Eifert,CIN,TE,6,6
Jamison Crowder,WAS,WR,5,33
Adrian Peterson,NOR,RB,5,27
Doug Martin,TBB,RB,11,28
Russell Wilson,SEA,QB,6,6
Willie Snead,NOR,WR,5,34
Derrick Henry,TEN,RB,8,29
Mike Gillislee,NEP,RB,9,30
Paul Perkins,NYG,RB,8,31
DeSean Jackson,TBB,WR,11,35
Cam Newton,CAR,QB,11,7
Delanie Walker,TEN,TE,8,7
Derek Carr,OAK,QB,10,8
Jameis Winston,TBB,QB,11,9
LeGarrette Blount,PHI,RB,10,32
Corey Davis,TEN,WR,8,36
Danny Woodhead,BAL,RB,10,33
Randall Cobb,GBP,WR,8,37
Theo Riddick,DET,RB,7,34
Ben Roethlisberger,PIT,QB,9,10
Hunter Henry,LAC,TE,9,8
DeVante Parker,MIA,WR,11,38
Frank Gore,IND,RB,11,35
Pierre Garcon,SFO,WR,11,39
Kirk Cousins,WAS,QB,5,11
Martellus Bennett,GBP,TE,8,9
Kyle Rudolph,MIN,TE,9,10
Latavius Murray,MIN,RB,9,36
Corey Coleman,CLE,WR,9,40
Eric Decker,TEN,WR,8,41
Dak Prescott,DAL,QB,6,12
Rob Kelley,WAS,RB,5,37
Rishard Matthews,TEN,WR,8,42
Cameron Meredith,CHI,WR,9,43
Samaje Perine,WAS,RB,5,38
Marcus Mariota,TEN,QB,8,13
Zach Ertz,PHI,TE,10,11
Philip Rivers,LAC,QB,9,14
C.J. Prosise,SEA,RB,6,39
Matt Forte,NYJ,RB,11,40
Jordan Matthews,PHI,WR,10,44
Kenneth Dixon,BAL,RB,10,41
Matthew Stafford,DET,QB,7,15
John Brown,ARZ,WR,8,45
Mike Wallace,BAL,WR,10,46
Kareem Hunt,KCC,RB,10,42
Eli Manning,NYG,QB,8,16
Jeremy Maclin,BAL,WR,10,47
Adam Thielen,MIN,WR,9,48
Mike Williams,LAC,WR,9,49
Jamaal Charles,DEN,RB,5,43
Andy Dalton,CIN,QB,6,17
Jonathan Stewart,CAR,RB,11,44
Jack Doyle,IND,TE,11,12
Jeremy Hill,CIN,RB,6,45
Marvin Jones,DET,WR,7,50
Eric Ebron,DET,TE,7,13
O.J. Howard,TBB,TE,11,14
Carson Wentz,PHI,QB,10,18
Tyrod Taylor,BUF,QB,6,19
Terrance West,BAL,RB,10,46
Breshad Perriman,BAL,WR,10,51
James White,NEP,RB,9,47
Tyrell Williams,LAC,WR,9,52
Duke Johnson,CLE,RB,9,48
Kevin White,CHI,WR,9,53
Kenny Britt,CLE,WR,9,54
Sterling Shepard,NYG,WR,8,55
Josh Doctson,WAS,WR,5,56
Blake Bortles,JAC,QB,8,20
Marlon Mack,IND,RB,11,49
Carson Palmer,ARZ,QB,8,21
Alvin Kamara,NOR,RB,5,50
Thomas Rawls,SEA,RB,6,51
Giovani Bernard,CIN,RB,6,52
Coby Fleener,NOR,TE,5,15
Julius Thomas,MIA,TE,11,16
Darren Sproles,PHI,RB,10,53
John Ross,CIN,WR,6,57
Ryan Tannehill,MIA,QB,11,22
Jamaal Williams,GBP,RB,8,54
Joe Williams,SFO,RB,11,55
Joe Flacco,BAL,QB,10,23
Tyler Lockett,SEA,WR,6,58
Ted Ginn Jr.,NOR,WR,5,59
Dion Lewis,NEP,RB,9,56
Jason Witten,DAL,TE,6,17
Quincy Enunwa,NYJ,WR,11,60
David Njoku,CLE,TE,9,18
Alex Smith,KCC,QB,10,24
Cameron Brate,TBB,TE,11,19
Sam Bradford,MIN,QB,9,25
Evan Engram,NYG,TE,8,20
Zay Jones,BUF,WR,6,61
Kenny Stills,MIA,WR,11,62
C.J. Fiedorowicz,HOU,TE,7,21
Austin Hooper,ATL,TE,5,22
Cole Beasley,DAL,WR,6,63
Taylor Gabriel,ATL,WR,5,64
Will Fuller,HOU,WR,7,65
Charles Sims,TBB,RB,11,57
D'Onta Foreman,HOU,RB,7,58
Robert Woods,LAR,WR,8,66
Chris Thompson,WAS,RB,5,59
Rex Burkhead,NEP,RB,9,60
Dwayne Allen,NEP,TE,9,23
Allen Hurns,JAC,WR,8,67
Deshaun Watson,HOU,QB,7,26
J.J. Nelson,ARZ,WR,8,68
Dennis Pitta,FA,TE,,24
Jacquizz Rodgers,TBB,RB,11,61
Jared Cook,OAK,TE,10,25
Jonathan Williams,BUF,RB,6,62
Marqise Lee,JAC,WR,8,69
Mohamed Sanu,ATL,WR,5,70
Curtis Samuel,CAR,WR,11,71
Devontae Booker,DEN,RB,5,63
Josh Gordon,CLE,WR,9,72
Shane Vereen,NYG,RB,8,64
Tavon Austin,LAR,WR,8,73
James Conner,PIT,RB,9,65
Brian Hoyer,SFO,QB,11,27
DeAndre Washington,OAK,RB,10,66
Wayne Gallman,NYG,RB,8,67
T.J. Yeldon,JAC,RB,8,68
Antonio Gates,LAC,TE,9,26
Zach Miller,CHI,TE,9,27
Cooper Kupp,LAR,WR,8,74
Tim Hightower,SFO,RB,11,69
Darren McFadden,DAL,RB,6,70
Malcolm Mitchell,NEP,WR,9,75
Jared Goff,LAR,QB,8,28
Charles Clay,BUF,TE,6,28
Jalen Richard,OAK,RB,10,71
JuJu Smith-Schuster,PIT,WR,9,76
Kamar Aiken,IND,WR,11,77
Jesse James,PIT,TE,9,29
Chris Hogan,NEP,WR,9,78
Trevor Siemian,DEN,QB,5,29
Chris Conley,KCC,WR,10,79
Jerick McKinnon,MIN,RB,9,72
Jeremy McNichols,TBB,RB,11,73
Michael Floyd,MIN,WR,9,80
DeShone Kizer,CLE,QB,9,30
Wendell Smallwood,PHI,RB,10,74
Mike Glennon,CHI,QB,9,31
Branden Oliver,LAC,RB,9,75
Cody Kessler,CLE,QB,9,32
Ryan Mathews,PHI,RB,10,76
Mitchell Trubisky,CHI,QB,9,33
Devin Funchess,CAR,WR,11,81
Benjamin Watson,BAL,TE,10,30
Matt Asiata,DET,RB,7,77
Chris Godwin,TBB,WR,11,82
Paxton Lynch,DEN,QB,5,34
Virgil Green,DEN,TE,5,31
Tyler Higbee,LAR,TE,8,32
Kenyan Drake,MIA,RB,11,78
Torrey Smith,PHI,WR,10,83
Brandon LaFell,CIN,WR,6,84
Gerald Everett,LAR,TE,8,33
Josh McCown,NYJ,QB,11,35
Travis Benjamin,LAC,WR,9,85
Tyler Boyd,CIN,WR,6,86
Robby Anderson,NYJ,WR,11,87
ArDarius Stewart,NYJ,WR,11,88
Vance McDonald,SFO,TE,11,34
Laquon Treadwell,MIN,WR,9,89
Aaron Jones,GBP,RB,8,79
Eli Rogers,PIT,WR,9,90
Kenny Golladay,DET,WR,7,91
Vernon Davis,WAS,TE,5,35
Patrick Mahomes,KCC,QB,10,36
Ryan Switzer,DAL,WR,6,92
Erik Swoope,IND,TE,11,36
Paul Richardson,SEA,WR,6,93
Jimmy Garoppolo,NEP,QB,9,37
Adam Shaheen,CHI,TE,9,37
Phillip Dorsett,IND,WR,11,94
Taywan Taylor,TEN,WR,8,95
Lance Dunbar,LAR,RB,8,80
Josh Reynolds,LAR,WR,8,96
Kyle Juszczyk,SFO,RB,11,81
Donnel Pumphrey,PHI,RB,10,82
Terrance Williams,DAL,WR,6,97
Kendall Wright,CHI,WR,9,98
Jeremy Kerley,SFO,WR,11,99
Brian Quick,WAS,WR,5,100
Chad Williams,ARZ,WR,8,101
Elijah Hood,OAK,RB,10,83
Ryan Griffin,HOU,TE,7,38
Jermaine Gresham,ARZ,TE,8,39
Travaris Cadet,NOR,RB,5,84
Jake Butt,DEN,TE,5,40
Seth Roberts,OAK,WR,10,102
Austin Seferian-Jenkins,NYJ,TE,11,41
Will Tye,NYG,TE,8,42
Brandon Coleman,NOR,WR,5,103
Marcedes Lewis,JAC,TE,8,43
Jonnu Smith,TEN,TE,8,44
Lance Kendricks,GBP,TE,8,45
Carlos Henderson,DEN,WR,5,104
Kenneth Farrow,LAC,RB,9,85
Charcandrick West,KCC,RB,10,86
Clive Walford,OAK,TE,10,46
Dontrelle Inman,LAC,WR,9,105
Teddy Bridgewater,MIN,QB,9,38
Chris Ivory,JAC,RB,8,87
Kerwynn Williams,ARZ,RB,8,88
Dede Westbrook,JAC,WR,8,106
Benny Cunningham,CHI,RB,9,89
Jeremy Langford,CHI,RB,9,90
Robert Turbin,IND,RB,11,91
Devante Mays,GBP,RB,8,92
Elijah McGuire,NYJ,RB,11,93
Tom Savage,HOU,QB,7,39
Dwayne Washington,DET,RB,7,94
Jeff Heuerman,DEN,TE,5,47
Andre Holmes,BUF,WR,6,107
Jermaine Kearse ,SEA,WR,6,108
Ryan Fitzpatrick,TBB,QB,11,40
Tajae Sharpe,TEN,WR,8,109
Zach Zenner,DET,RB,7,95
Victor Cruz,CHI,WR,9,110
Cordarrelle Patterson,OAK,WR,10,111
Tarik Cohen,CHI,RB,9,96
Christine Michael,IND,RB,11,97
Damien Williams,MIA,RB,11,98
Jordan Leggett,NYJ,TE,11,48
Joshua Dobbs,PIT,QB,9,41
Rico Gathers,DAL,TE,6,49
Amara Darboh,SEA,WR,6,112
A.J. Derby,DEN,TE,5,50
Malachi Dupre,GBP,WR,8,113
Andre Ellington,ARZ,RB,8,99
Bucky Hodges,MIN,TE,9,51
Braxton Miller,HOU,WR,7,114
Geronimo Allison,GBP,WR,8,115
T.J. Logan,ARZ,RB,8,100
Brock Osweiler,CLE,QB,9,42
Chad Kelly,DEN,QB,5,43
Davis Webb,NYG,QB,8,44
Leonte Carroo,MIA,WR,11,116
Markus Wheaton,CHI,WR,9,117
Marquise Goodwin,SFO,WR,11,118
Christian Hackenberg,NYJ,QB,11,45
Michael Campanaro,BAL,WR,10,119
Matt Jones,WAS,RB,5,101
Dion Sims,CHI,TE,9,52
Nathan Peterman,BUF,QB,6,46
Ishmael Zamora,OAK,WR,10,120
Alfred Morris,DAL,RB,6,102
Jehu Chesson,KCC,WR,10,121
Nelson Agholor,PHI,WR,10,122
Maxx Williams,BAL,TE,10,53
Brian Hill,ATL,RB,5,103
AJ McCarron,CIN,QB,6,47
George Kittle,SFO,TE,11,54
Mack Hollins,PHI,WR,10,123
DeAngelo Yancey,GBP,WR,8,124
C.J. Beathard,SFO,QB,11,48
Corey Clement,PHI,RB,10,104
Chad Hansen,NYJ,WR,11,125
Pharoh Cooper,LAR,WR,8,126
De'Angelo Henderson,DEN,RB,5,105
Dorial Green-Beckham,PHI,WR,10,127
Sammie Coates,PIT,WR,9,128
Adam Humphries,TBB,WR,11,129
Denver Broncos,DEN,DEF,,1
Arizona Cardinals,ARI,DEF,,2
Houston Texans,HOU,DEF,,3
Carolina Panthers,CAR,DEF,,4
Kansas City Chiefs,KC,DEF,,5
New England Patriots,NE,DEF,,6
Seattle Seahawks,SEA,DEF,,7
New York Giants,NYG,DEF,,8
Minnesota Vikings,MIN,DEF,,9
Jacksonville Jaguars,JAC,DEF,,10
Pittsburgh Steelers,PIT,DEF,,11
Oakland Raiders,OAK,DEF,,12
Baltimore Ravens,BAL,DEF,,13
Tennessee Titans,TEN,DEF,,14
Philadelphia Eagles,PHI,DEF,,15
Los Angeles Chargers,LAC,DEF,,16
Atlanta Falcons,ATL,DEF,,17
Green Bay Packers,GB,DEF,,18
Tampa Bay Buccaneers,TB,DEF,,19
Cincinnati Bengals,CIN,DEF,,20
San Francisco 49ers,SF,DEF,,21
Miami Dolphins,MIA,DEF,,22
Washington Redskins,WAS,DEF,,23
Los Angeles Rams,LAR,DEF,,24
Dallas Cowboys,DAL,DEF,,25
New York Jets,NYJ,DEF,,26
Indianapolis Colts,IND,DEF,,27
Chicago Bears,CHI,DEF,,28
New Orleans Saints,NO,DEF,,29
Cleveland Browns,CLE,DEF,,30
Detroit Lions,DET,DEF,,31
Buffalo Bills,BUF,DEF,,32
Stephen Gostkowski,NE,PK,,1
Justin Tucker,BAL,PK,,2
Dan Bailey,DAL,PK,,3
Matt Bryant,ATL,PK,,4
Chris Boswell,PIT,PK,,5
Matt Prater,DET,PK,,6
Brandon McManus,DEN,PK,,7
Caleb Sturgis,PHI,PK,,8
Mason Crosby,GB,PK,,9
Adam Vinatieri,IND,PK,,10
Dustin Hopkins,WAS,PK,,11
Cairo Santos,KC,PK,,12
Nick Novak,HOU,PK,,13
Blair Walsh,SEA,PK,,14
Will Lutz,NO,PK,,15
Sebastian Janikowski,OAK,PK,,16
Kai Forbath,MIN,PK,,17
Jason Myers,JAC,PK,,18
Steven Hauschka,BUF,PK,,19
Chandler Catanzaro,NYJ,PK,,20
Aldrick Rosas,NYG,PK,,21
Josh Lambo,LAC,PK,,22
Graham Gano,CAR,PK,,23
Ryan Succop,TEN,PK,,24
Nick Folk,TB,PK,,25
Jake Elliott,CIN,PK,,26
Robbie Gould,SF,PK,,27
Phil Dawson,ARI,PK,,28
Zane Gonzalez,CLE,PK,,29
Connor Barth,CHI,PK,,30
Cody Parkey,CLE,PK,,31
Andrew Franks,MIA,PK,,32
Greg Zuerlein,LAR,PK,,33
Randy Bullock,CIN,PK,,34
Roberto Aguayo,TB,PK,,35
