Aaron Rodgers,GB,QB,8,1
Tom Brady,NE,QB,9,2
Drew Brees,NO,QB,5,3
Andrew Luck,IND,QB,11,4
Matt Ryan,ATL,QB,5,5
Russell Wilson,SEA,QB,6,6
Cam Newton,CAR,QB,11,7
Ben Roethlisberger,PIT,QB,9,8
Dak Prescott,DAL,QB,6,9
Derek Carr,OAK,QB,10,10
Kirk Cousins,WAS,QB,5,11
Jameis Winston,TB,QB,11,12
Marcus Mariota,TEN,QB,8,13
Philip Rivers,LAC,QB,9,14
Matthew Stafford,DET,QB,7,15
Tyrod Taylor,BUF,QB,6,16
Eli Manning,NYG,QB,8,17
Andy Dalton,CIN,QB,6,18
Carson Wentz,PHI,QB,10,19
Blake Bortles,JAC,QB,8,20
Carson Palmer,ARI,QB,8,21
Ryan Tannehill,MIA,QB,11,22
Joe Flacco,BAL,QB,10,23
Sam Bradford,MIN,QB,9,24
Alex Smith,KC,QB,10,25
Deshaun Watson,HOU,QB,7,26
Mike Glennon,CHI,QB,8,27
Jimmy Garoppolo,NE,QB,9,28
Trevor Siemian,DEN,QB,5,29
Brian Hoyer,SF,QB,11,30
Jared Goff,LAR,QB,8,31
Mitch Trubisky,CHI,QB,8,32
Cody Kessler,CLE,QB,9,33
Patrick Mahomes,KC,QB,10,34
Josh McCown,NYJ,QB,11,35
DeShone Kizer,CLE,QB,9,36
Tom Savage,HOU,QB,7,37
Paxton Lynch,DEN,QB,5,38
Matt Barkley,SF,QB,11,39
Bryce Petty,NYJ,QB,11,40
AJ McCarron,CIN,QB,6,41
Matt Moore,MIA,QB,11,42
Matt Schaub,ATL,QB,5,43
Ryan Fitzpatrick,TB,QB,11,44
Davis Webb,NYG,QB,8,45
Derek Anderson,CAR,QB,11,46
Matt Cassel,TEN,QB,8,47
Kellen Clemens,LAC,QB,9,48
Colt McCoy,WAS,QB,5,49
Drew Stanton,ARI,QB,8,50
Chase Daniel,NO,QB,5,51
David Johnson,ARI,RB,8,1
Le'Veon Bell,PIT,RB,9,2
Ezekiel Elliott,DAL,RB,6,3
LeSean McCoy,BUF,RB,6,4
Melvin Gordon,LAC,RB,9,5
Jordan Howard,CHI,RB,8,6
Devonta Freeman,ATL,RB,5,7
Jay Ajayi,MIA,RB,11,8
DeMarco Murray,TEN,RB,8,9
Todd Gurley,LAR,RB,8,10
Lamar Miller,HOU,RB,7,11
Carlos Hyde,SF,RB,11,12
Leonard Fournette,JAC,RB,8,13
Tevin Coleman,ATL,RB,5,14
Marshawn Lynch,OAK,RB,10,15
C.J. Anderson,DEN,RB,5,16
Isaiah Crowell,CLE,RB,9,17
Mark Ingram,NO,RB,5,18
Spencer Ware,KC,RB,10,19
Eddie Lacy,SEA,RB,6,20
Christian McCaffrey,CAR,RB,11,21
Joe Mixon,CIN,RB,6,22
Robert Kelley,WAS,RB,5,23
Ty Montgomery,GB,RB,8,24
Bilal Powell,NYJ,RB,11,25
Frank Gore,IND,RB,11,26
Ameer Abdullah,DET,RB,7,27
Adrian Peterson,NO,RB,5,28
Jonathan Stewart,CAR,RB,11,29
Latavius Murray,MIN,RB,9,30
Paul Perkins,NYG,RB,8,31
Dalvin Cook,MIN,RB,9,32
Mike Gillislee,NE,RB,9,33
Jeremy Hill,CIN,RB,6,34
Doug Martin,TB,RB,11,35
Danny Woodhead,BAL,RB,10,36
Kenneth Dixon,BAL,RB,10,37
Matt Forte,NYJ,RB,11,38
Derrick Henry,TEN,RB,8,39
Theo Riddick,DET,RB,7,40
C.J. Prosise,SEA,RB,6,41
Jamaal Charles,DEN,RB,5,42
Samaje Perine,WAS,RB,5,43
Giovani Bernard,CIN,RB,6,44
LeGarrette Blount,PHI,RB,,45
Thomas Rawls,SEA,RB,6,46
Kareem Hunt,KC,RB,10,47
Ryan Mathews,PHI,RB,10,48
Duke Johnson,CLE,RB,9,49
Jamaal Williams,GB,RB,8,50
Rex Burkhead,NE,RB,9,51
James White,NE,RB,9,52
Jerick McKinnon,MIN,RB,9,53
Charles Sims,TB,RB,11,54
Marlon Mack,IND,RB,11,55
Terrance West,BAL,RB,10,56
Alvin Kamara,NO,RB,5,57
Wendell Smallwood,PHI,RB,10,58
Darren Sproles,PHI,RB,10,59
Jalen Richard,OAK,RB,10,60
Joe Williams,SF,RB,11,61
Jeremy McNichols,TB,RB,11,62
D'Onta Foreman,HOU,RB,7,63
Zach Zenner,DET,RB,7,64
T.J. Yeldon,JAC,RB,8,65
Chris Ivory,JAC,RB,8,66
Tim Hightower,SF,RB,11,67
Chris Thompson,WAS,RB,5,68
Jacquizz Rodgers,TB,RB,11,69
DeAndre Washington,OAK,RB,10,70
Wayne Gallman,NYG,RB,8,71
Devontae Booker,DEN,RB,5,72
Jonathan Williams,BUF,RB,6,73
Shane Vereen,NYG,RB,8,74
James Conner,PIT,RB,9,75
Jeremy Langford,CHI,RB,8,76
Charcandrick West,KC,RB,10,77
Darren McFadden,DAL,RB,6,78
Kenyan Drake,MIA,RB,11,79
Robert Turbin,IND,RB,11,80
Kerwynn Williams,ARI,RB,8,81
Damien Williams,MIA,RB,11,82
Donnel Pumphrey,PHI,RB,10,83
Tarik Cohen,CHI,RB,8,84
Branden Oliver,LAC,RB,9,85
Lance Dunbar,LAR,RB,8,86
Kenneth Farrow,LAC,RB,9,87
Antonio Brown,PIT,WR,9,1
Julio Jones,ATL,WR,5,2
Odell Beckham Jr.,NYG,WR,8,3
Mike Evans,TB,WR,11,4
A.J. Green,CIN,WR,6,5
Jordy Nelson,GB,WR,8,6
T.Y. Hilton,IND,WR,11,7
Dez Bryant,DAL,WR,6,8
Michael Thomas,NO,WR,5,9
Amari Cooper,OAK,WR,10,10
DeAndre Hopkins,HOU,WR,7,11
Doug Baldwin,SEA,WR,6,12
Alshon Jeffery,PHI,WR,10,13
Brandin Cooks,NE,WR,9,14
Allen Robinson,JAC,WR,8,15
Demaryius Thomas,DEN,WR,5,16
Sammy Watkins,BUF,WR,6,17
Davante Adams,GB,WR,8,18
Keenan Allen,LAC,WR,9,19
Michael Crabtree,OAK,WR,10,20
Terrelle Pryor,WAS,WR,5,21
Jarvis Landry,MIA,WR,11,22
Emmanuel Sanders,DEN,WR,5,23
Julian Edelman,NE,WR,9,24
Golden Tate,DET,WR,7,25
Donte Moncrief,IND,WR,11,26
Larry Fitzgerald,ARI,WR,8,27
Stefon Diggs,MIN,WR,9,28
Brandon Marshall,NYG,WR,8,29
Kelvin Benjamin,CAR,WR,11,30
Eric Decker,NYJ,WR,11,31
DeSean Jackson,TB,WR,11,32
Tyreek Hill,KC,WR,10,33
Jamison Crowder,WAS,WR,5,34
Corey Davis,TEN,WR,8,35
Martavis Bryant,PIT,WR,9,36
Willie Snead,NO,WR,5,37
Rishard Matthews,TEN,WR,8,38
Devante Parker,MIA,WR,11,39
Randall Cobb,GB,WR,8,40
Jordan Matthews,PHI,WR,10,41
Corey Coleman,CLE,WR,9,42
Pierre Garcon,SF,WR,11,43
Kenny Britt,CLE,WR,9,44
Cameron Meredith,CHI,WR,8,45
Tyrell Williams,LAC,WR,9,46
Adam Thielen,MIN,WR,9,47
Jeremy Maclin,KC,WR,10,48
Mike Williams,LAC,WR,9,49
John Brown,ARI,WR,8,50
Sterling Shepard,NYG,WR,8,51
Mike Wallace,BAL,WR,10,52
Breshad Perriman,BAL,WR,10,53
Marvin Jones,DET,WR,7,54
Kevin White,CHI,WR,8,55
John Ross,CIN,WR,6,56
Josh Doctson,WAS,WR,5,57
Kenny Stills,MIA,WR,11,58
Ted Ginn,NO,WR,5,59
Tyler Lockett,SEA,WR,6,60
J.J. Nelson,ARI,WR,8,61
Robert Woods,LAR,WR,8,62
Zay Jones,BUF,WR,6,63
Marqise Lee,JAC,WR,8,64
Will Fuller,HOU,WR,7,65
Malcolm Mitchell,NE,WR,9,66
Taylor Gabriel,ATL,WR,5,67
Quincy Enunwa,NYJ,WR,11,68
Allen Hurns,JAC,WR,8,69
Devin Funchess,CAR,WR,11,70
Torrey Smith,PHI,WR,10,71
Josh Reynolds,LAR,WR,8,72
Robby Anderson,NYJ,WR,11,73
Cole Beasley,DAL,WR,6,74
Mohamed Sanu,ATL,WR,5,75
Laquon Treadwell,MIN,WR,9,76
Curtis Samuel,CAR,WR,11,77
Chris Hogan,NE,WR,9,78
Juju Smith-Schuster,PIT,WR,9,79
Dontrelle Inman,LAC,WR,9,80
Michael Floyd,MIN,WR,9,81
Tavon Austin,LAR,WR,8,82
Eli Rogers,PIT,WR,9,83
Kamar Aiken,IND,WR,11,84
Terrance Williams,DAL,WR,6,85
Tyler Boyd,CIN,WR,6,86
Cooper Kupp,LAR,WR,8,87
Kendall Wright,CHI,WR,8,88
ArDarius Stewart,NYJ,WR,11,89
Tajae Sharpe,TEN,WR,8,90
Adam Humphries,TB,WR,11,91
Taywan Taylor,TEN,WR,8,92
Jeremy Kerley,SF,WR,11,93
Chris Godwin,TB,WR,11,94
Cordarrelle Patterson,OAK,WR,10,95
Jordan Norwood,DEN,WR,5,96
Paul Richardson,SEA,WR,6,97
Marquise Goodwin,SF,WR,11,98
Brian Quick,WAS,WR,5,99
Phillip Dorsett,IND,WR,11,100
Markus Wheaton,CHI,WR,8,101
Dede Westbrook,JAC,WR,8,102
Braxton Miller,HOU,WR,7,103
Ricardo Louis,CLE,WR,9,104
Jaelen Strong,HOU,WR,7,105
Chris Conley,KC,WR,10,106
Seth Roberts,OAK,WR,10,107
Bruce Ellington,SF,WR,11,108
Jaron Brown,ARI,WR,8,109
Jermaine Kearse,SEA,WR,6,110
TJ Jones,DET,WR,7,111
Danny Amendola,NE,WR,9,112
Philly Brown,BUF,WR,6,113
Chris Moore,BAL,WR,10,114
Pharoh Cooper,LAR,WR,8,115
Rob Gronkowski,NE,TE,9,1
Travis Kelce,KC,TE,10,2
Jordan Reed,WAS,TE,5,3
Greg Olsen,CAR,TE,11,4
Tyler Eifert,CIN,TE,6,5
Jimmy Graham,SEA,TE,6,6
Delanie Walker,TEN,TE,8,7
Kyle Rudolph,MIN,TE,9,8
Martellus Bennett,GB,TE,8,9
Hunter Henry,LAC,TE,9,10
Zach Ertz,PHI,TE,10,11
Eric Ebron,DET,TE,7,12
Jack Doyle,IND,TE,11,13
O.J. Howard,TB,TE,11,14
Cameron Brate,TB,TE,11,15
C.J. Fiedorowicz,HOU,TE,7,16
Jesse James,PIT,TE,9,17
Antonio Gates,LAC,TE,9,18
Coby Fleener,NO,TE,5,19
Julius Thomas,MIA,TE,11,20
Jason Witten,DAL,TE,6,21
Austin Hooper,ATL,TE,5,22
Zach Miller,CHI,TE,8,23
Jared Cook,OAK,TE,10,24
David Njoku,CLE,TE,9,25
Evan Engram,NYG,TE,8,26
Tyler Higbee,LAR,TE,8,27
Dennis Pitta,BAL,TE,10,28
Vance McDonald,SF,TE,11,29
Charles Clay,BUF,TE,6,30
Dwayne Allen,NE,TE,9,31
Lance Kendricks,GB,TE,8,32
A.J. Derby,DEN,TE,5,33
Jermaine Gresham,ARI,TE,8,34
Gerald Everett,LAR,TE,8,35
Jordan Leggett,NYJ,TE,11,36
Austin Seferian-Jenkins,NYJ,TE,11,37
Adam Shaheen,CHI,TE,8,38
Erik Swoope,IND,TE,11,39
Vernon Davis,WAS,TE,5,40
Bucky Hodges,MIN,TE,9,41
Will Tye,NYG,TE,8,42
Clive Walford,OAK,TE,10,43
Dion Sims,CHI,TE,8,44
Jonnu Smith,TEN,TE,8,45
Marcedes Lewis,JAC,TE,8,46
Virgil Green,DEN,TE,5,47
Mychal Rivera,JAC,TE,8,48
Garrett Celek,SF,TE,11,49
Benjamin Watson,BAL,TE,10,50
Luke Willson,SEA,TE,6,51
Josh Hill,NO,TE,5,52
Anthony Fasano,MIA,TE,11,53
Brent Celek,PHI,TE,10,54
Kansas City Defense,KC,DEF,10,1
Denver Defense,DEN,DEF,5,2
Houston Defense,HOU,DEF,7,3
Seattle Defense,SEA,DEF,6,4
New England Defense,NE,DEF,9,5
Minnesota Defense,MIN,DEF,9,6
Arizona Defense,ARI,DEF,8,7
NY Giants Defense,NYG,DEF,8,8
Baltimore Defense,BAL,DEF,10,9
Justin Tucker,BAL,PK,10,1
Stephen Gostkowski,NE,PK,9,2
Matt Bryant,ATL,PK,5,3
San Diego Defense,LAC,DEF,9,10
Carolina Defense,CAR,DEF,11,11
Los Angeles Defense,LAR,DEF,8,12
Dan Bailey,DAL,PK,6,4
Philadelphia Defense,PHI,DEF,10,13
Adam Vinatieri,IND,PK,11,5
Tampa Bay Defense,TB,DEF,11,14
Mason Crosby,GB,PK,8,6
Atlanta Defense,ATL,DEF,5,15
Buffalo Defense,BUF,DEF,6,16
Pittsburgh Defense,PIT,DEF,9,17
Sebastian Janikowski,OAK,PK,10,7
Oakland Defense,OAK,DEF,10,18
Jacksonville Defense,JAC,DEF,8,19
Matt Prater,DET,PK,7,8
Miami Defense,MIA,DEF,11,20
Brandon McManus,DEN,PK,5,9
Chris Boswell,PIT,PK,9,10
Cairo Santos,KC,PK,10,11
Steven Hauschka,BUF,PK,6,12
Graham Gano,CAR,PK,11,13
Nick Novak,LAC,PK,9,14
Roberto Aguayo,TB,PK,11,15
Caleb Sturgis,MIA,PK,11,16
Josh Brown,NYG,PK,8,17
