Aaron Rodgers,GB,QB,8,1
Tom Brady,NE,QB,9,2
Drew Brees,NO,QB,5,3
Andrew Luck,IND,QB,11,4
Matt Ryan,ATL,QB,5,5
Russell Wilson,SEA,QB,6,6
Cam Newton,CAR,QB,11,7
Ben Roethlisberger,PIT,QB,9,8
Dak Prescott,DAL,QB,6,9
Derek Carr,OAK,QB,10,10
Kirk Cousins,WAS,QB,5,11
Jameis Winston,TB,QB,11,12
Marcus Mariota,TEN,QB,8,13
Philip Rivers,LAC,QB,9,14
Matthew Stafford,DET,QB,7,15
Tyrod Taylor,BUF,QB,6,16
Eli Manning,NYG,QB,8,17
Andy Dalton,CIN,QB,6,18
Carson Wentz,PHI,QB,10,19
Blake Bortles,JAC,QB,8,20
Carson Palmer,ARI,QB,8,21
Ryan Tannehill,MIA,QB,11,22
Joe Flacco,BAL,QB,10,23
Sam Bradford,MIN,QB,9,24
Alex Smith,KC,QB,10,25
Deshaun Watson,HOU,QB,7,26
Mike Glennon,CHI,QB,8,27
Jimmy Garoppolo,NE,QB,9,28
Trevor Siemian,DEN,QB,5,29
Brian Hoyer,SF,QB,11,30
Jared Goff,LAR,QB,8,31
Mitch Trubisky,CHI,QB,8,32
Cody Kessler,CLE,QB,9,33
Patrick Mahomes,KC,QB,10,34
Josh McCown,NYJ,QB,11,35
DeShone Kizer,CLE,QB,9,36
Tom Savage,HOU,QB,7,37
Paxton Lynch,DEN,QB,5,38
Matt Barkley,SF,QB,11,39
Bryce Petty,NYJ,QB,11,40
AJ McCarron,CIN,QB,6,41
Matt Moore,MIA,QB,11,42
Matt Schaub,ATL,QB,5,43
Ryan Fitzpatrick,TB,QB,11,44
Davis Webb,NYG,QB,8,45
Derek Anderson,CAR,QB,11,46
Matt Cassel,TEN,QB,8,47
Kellen Clemens,LAC,QB,9,48
Colt McCoy,WAS,QB,5,49
Drew Stanton,ARI,QB,8,50
Chase Daniel,NO,QB,5,51
David Johnson,ARI,RB,8,1
Le'Veon Bell,PIT,RB,9,2
Ezekiel Elliott,DAL,RB,6,3
LeSean McCoy,BUF,RB,6,4
Melvin Gordon,LAC,RB,9,5
Devonta Freeman,ATL,RB,5,6
DeMarco Murray,TEN,RB,8,7
Jay Ajayi,MIA,RB,11,8
Jordan Howard,CHI,RB,8,9
Todd Gurley,LAR,RB,8,10
Lamar Miller,HOU,RB,7,11
Carlos Hyde,SF,RB,11,12
C.J. Anderson,DEN,RB,5,13
Spencer Ware,KC,RB,10,14
Isaiah Crowell,CLE,RB,9,15
Leonard Fournette,JAC,RB,8,16
Christian McCaffrey,CAR,RB,11,17
Mark Ingram,NO,RB,5,18
Marshawn Lynch,OAK,RB,10,19
Tevin Coleman,ATL,RB,5,20
Ty Montgomery,GB,RB,8,21
Eddie Lacy,SEA,RB,6,22
Bilal Powell,NYJ,RB,11,23
Joe Mixon,CIN,RB,6,24
Robert Kelley,WAS,RB,5,25
Frank Gore,IND,RB,11,26
Ameer Abdullah,DET,RB,7,27
Danny Woodhead,BAL,RB,10,28
Dalvin Cook,MIN,RB,9,29
Adrian Peterson,NO,RB,5,30
Paul Perkins,NYG,RB,8,31
Latavius Murray,MIN,RB,9,32
Theo Riddick,DET,RB,7,33
Mike Gillislee,NE,RB,9,34
Jonathan Stewart,CAR,RB,11,35
Kenneth Dixon,BAL,RB,10,36
Doug Martin,TB,RB,11,37
Matt Forte,NYJ,RB,11,38
Jamaal Charles,DEN,RB,5,39
Jeremy Hill,CIN,RB,6,40
Derrick Henry,TEN,RB,8,41
C.J. Prosise,SEA,RB,6,42
Giovani Bernard,CIN,RB,6,43
Duke Johnson,CLE,RB,9,44
Thomas Rawls,SEA,RB,6,45
LeGarrette Blount,PHI,RB,,46
Samaje Perine,WAS,RB,5,47
James White,NE,RB,9,48
Kareem Hunt,KC,RB,10,49
Charles Sims,TB,RB,11,50
Alvin Kamara,NO,RB,5,51
Jamaal Williams,GB,RB,8,52
Jerick McKinnon,MIN,RB,9,53
Ryan Mathews,PHI,RB,10,54
Rex Burkhead,NE,RB,9,55
Darren Sproles,PHI,RB,10,56
Marlon Mack,IND,RB,11,57
Joe Williams,SF,RB,11,58
Chris Thompson,WAS,RB,5,59
Zach Zenner,DET,RB,7,60
Terrance West,BAL,RB,10,61
Wendell Smallwood,PHI,RB,10,62
D'Onta Foreman,HOU,RB,7,63
Jeremy McNichols,TB,RB,11,64
T.J. Yeldon,JAC,RB,8,65
Tim Hightower,SF,RB,11,66
DeAndre Washington,OAK,RB,10,67
Chris Ivory,JAC,RB,8,68
Wayne Gallman,NYG,RB,8,69
Kerwynn Williams,ARI,RB,8,70
Jalen Richard,OAK,RB,10,71
Jacquizz Rodgers,TB,RB,11,72
Shane Vereen,NYG,RB,8,73
Jeremy Langford,CHI,RB,8,74
James Conner,PIT,RB,9,75
Devontae Booker,DEN,RB,5,76
Robert Turbin,IND,RB,11,77
Darren McFadden,DAL,RB,6,78
Jonathan Williams,BUF,RB,6,79
Tarik Cohen,CHI,RB,8,80
Lance Dunbar,LAR,RB,8,81
Charcandrick West,KC,RB,10,82
Malcolm Brown,LAR,RB,8,83
Branden Oliver,LAC,RB,9,84
Donnel Pumphrey,PHI,RB,10,85
Kenyan Drake,MIA,RB,11,86
Damien Williams,MIA,RB,11,87
Shaun Draughn,NYG,RB,8,88
Alfred Blue,HOU,RB,7,89
Cameron Artis-Payne,CAR,RB,11,90
Kenneth Farrow,LAC,RB,9,91
Rob Gronkowski,NE,TE,9,1
Travis Kelce,KC,TE,10,2
Jordan Reed,WAS,TE,5,3
Greg Olsen,CAR,TE,11,4
Tyler Eifert,CIN,TE,6,5
Jimmy Graham,SEA,TE,6,6
Delanie Walker,TEN,TE,8,7
Martellus Bennett,GB,TE,8,8
Kyle Rudolph,MIN,TE,9,9
Hunter Henry,LAC,TE,9,10
Zach Ertz,PHI,TE,10,11
Eric Ebron,DET,TE,7,12
Jack Doyle,IND,TE,11,13
C.J. Fiedorowicz,HOU,TE,7,14
O.J. Howard,TB,TE,11,15
Antonio Gates,LAC,TE,9,16
Cameron Brate,TB,TE,11,17
Jason Witten,DAL,TE,6,18
Coby Fleener,NO,TE,5,19
Julius Thomas,MIA,TE,11,20
Jesse James,PIT,TE,9,21
Zach Miller,CHI,TE,8,22
Austin Hooper,ATL,TE,5,23
Evan Engram,NYG,TE,8,24
Jared Cook,OAK,TE,10,25
David Njoku,CLE,TE,9,26
Dennis Pitta,BAL,TE,10,27
Charles Clay,BUF,TE,6,28
Virgil Green,DEN,TE,5,29
Jermaine Gresham,ARI,TE,8,30
Lance Kendricks,GB,TE,8,31
Gerald Everett,LAR,TE,8,32
Tyler Higbee,LAR,TE,8,33
Vance McDonald,SF,TE,11,34
Dwayne Allen,NE,TE,9,35
Will Tye,NYG,TE,8,36
Jordan Leggett,NYJ,TE,11,37
Vernon Davis,WAS,TE,5,38
Adam Shaheen,CHI,TE,8,39
Austin Seferian-Jenkins,NYJ,TE,11,40
A.J. Derby,DEN,TE,5,41
Bucky Hodges,MIN,TE,9,42
Erik Swoope,IND,TE,11,43
Garrett Celek,SF,TE,11,44
Clive Walford,OAK,TE,10,45
Mychal Rivera,JAC,TE,8,46
Marcedes Lewis,JAC,TE,8,47
Jonnu Smith,TEN,TE,8,48
Anthony Fasano,MIA,TE,11,49
Benjamin Watson,BAL,TE,10,50
Josh Hill,NO,TE,5,51
Brent Celek,PHI,TE,10,52
Luke Willson,SEA,TE,6,53
Antonio Brown,PIT,WR,9,1
Odell Beckham Jr.,NYG,WR,8,2
Julio Jones,ATL,WR,5,3
Mike Evans,TB,WR,11,4
A.J. Green,CIN,WR,6,5
Jordy Nelson,GB,WR,8,6
T.Y. Hilton,IND,WR,11,7
Dez Bryant,DAL,WR,6,8
Amari Cooper,OAK,WR,10,9
Michael Thomas,NO,WR,5,10
DeAndre Hopkins,HOU,WR,7,11
Doug Baldwin,SEA,WR,6,12
Alshon Jeffery,PHI,WR,10,13
Keenan Allen,LAC,WR,9,14
Demaryius Thomas,DEN,WR,5,15
Brandin Cooks,NE,WR,9,16
Allen Robinson,JAC,WR,8,17
Davante Adams,GB,WR,8,18
Sammy Watkins,BUF,WR,6,19
Jarvis Landry,MIA,WR,11,20
Michael Crabtree,OAK,WR,10,21
Golden Tate,DET,WR,7,22
Larry Fitzgerald,ARI,WR,8,23
Terrelle Pryor,WAS,WR,5,24
Julian Edelman,NE,WR,9,25
Stefon Diggs,MIN,WR,9,26
Emmanuel Sanders,DEN,WR,5,27
Donte Moncrief,IND,WR,11,28
Brandon Marshall,NYG,WR,8,29
Jamison Crowder,WAS,WR,5,30
Eric Decker,NYJ,WR,11,31
Kelvin Benjamin,CAR,WR,11,32
Tyreek Hill,KC,WR,10,33
DeSean Jackson,TB,WR,11,34
Willie Snead,NO,WR,5,35
Corey Davis,TEN,WR,8,36
Jordan Matthews,PHI,WR,10,37
Devante Parker,MIA,WR,11,38
Pierre Garcon,SF,WR,11,39
Martavis Bryant,PIT,WR,9,40
Corey Coleman,CLE,WR,9,41
Rishard Matthews,TEN,WR,8,42
Randall Cobb,GB,WR,8,43
Kenny Britt,CLE,WR,9,44
Cameron Meredith,CHI,WR,8,45
Adam Thielen,MIN,WR,9,46
Jeremy Maclin,BAL,WR,10,47
John Brown,ARI,WR,8,48
Sterling Shepard,NYG,WR,8,49
Mike Williams,LAC,WR,9,50
Tyrell Williams,LAC,WR,9,51
Kevin White,CHI,WR,8,52
Mike Wallace,BAL,WR,10,53
Marvin Jones,DET,WR,7,54
Breshad Perriman,BAL,WR,10,55
Robert Woods,LAR,WR,8,56
Josh Doctson,WAS,WR,5,57
John Ross,CIN,WR,6,58
Tyler Lockett,SEA,WR,6,59
Kenny Stills,MIA,WR,11,60
Malcolm Mitchell,NE,WR,9,61
Zay Jones,BUF,WR,6,62
Will Fuller,HOU,WR,7,63
Ted Ginn,NO,WR,5,64
Marqise Lee,JAC,WR,8,65
J.J. Nelson,ARI,WR,8,66
Taylor Gabriel,ATL,WR,5,67
Cole Beasley,DAL,WR,6,68
Quincy Enunwa,NYJ,WR,11,69
Devin Funchess,CAR,WR,11,70
Robby Anderson,NYJ,WR,11,71
Torrey Smith,PHI,WR,10,72
Allen Hurns,JAC,WR,8,73
Mohamed Sanu,ATL,WR,5,74
Tavon Austin,LAR,WR,8,75
Travis Benjamin,LAC,WR,9,76
Michael Floyd,MIN,WR,9,77
Juju Smith-Schuster,PIT,WR,9,78
Chris Hogan,NE,WR,9,79
Eli Rogers,PIT,WR,9,80
Curtis Samuel,CAR,WR,11,81
Cooper Kupp,LAR,WR,8,82
Tyler Boyd,CIN,WR,6,83
Kamar Aiken,IND,WR,11,84
Kendall Wright,CHI,WR,8,85
Terrance Williams,DAL,WR,6,86
ArDarius Stewart,NYJ,WR,11,87
Jeremy Kerley,SF,WR,11,88
Josh Reynolds,LAR,WR,8,89
Cordarrelle Patterson,OAK,WR,10,90
Laquon Treadwell,MIN,WR,9,91
Tajae Sharpe,TEN,WR,8,92
Adam Humphries,TB,WR,11,93
Sammie Coates,PIT,WR,9,94
Taywan Taylor,TEN,WR,8,95
Nelson Agholor,PHI,WR,10,96
Dontrelle Inman,LAC,WR,9,97
Jordan Norwood,DEN,WR,5,98
Dede Westbrook,JAC,WR,8,99
Paul Richardson,SEA,WR,6,100
Chris Conley,KC,WR,10,101
Braxton Miller,HOU,WR,7,102
Kenny Golladay,DET,WR,7,103
Jaelen Strong,HOU,WR,7,104
Chad Hansen,NYJ,WR,11,105
Brandon LaFell,CIN,WR,6,106
Marquise Goodwin,SF,WR,11,107
Ricardo Louis,CLE,WR,9,108
Brian Quick,WAS,WR,5,109
Markus Wheaton,CHI,WR,8,110
Chris Godwin,TB,WR,11,111
Brandon Coleman,NO,WR,5,112
Phillip Dorsett,IND,WR,11,113
Aldrick Robinson,SF,WR,11,114
Seth Roberts,OAK,WR,10,115
Jaron Brown,ARI,WR,8,116
Philly Brown,BUF,WR,6,117
TJ Jones,DET,WR,7,118
Danny Amendola,NE,WR,9,119
Jermaine Kearse,SEA,WR,6,120
Chris Moore,BAL,WR,10,121
Leonte Carroo,MIA,WR,11,122
Andre Holmes,BUF,WR,6,123
Michael Campanaro,BAL,WR,10,124
Justin Hardy,ATL,WR,5,125
Deonte Thompson,CHI,WR,8,126
Pharoh Cooper,LAR,WR,8,127
Jeff Janis,GB,WR,8,128
Russell Shepard,CAR,WR,11,129
Brice Butler,DAL,WR,6,130
Dwayne Harris,NYG,WR,8,131
Albert Wilson,KC,WR,10,132
Denver Defense,DEN,DEF,5,1
Houston Defense,HOU,DEF,7,2
Kansas City Defense,KC,DEF,10,3
Seattle Defense,SEA,DEF,6,4
New England Defense,NE,DEF,9,5
Minnesota Defense,MIN,DEF,9,6
Arizona Defense,ARI,DEF,8,7
NY Giants Defense,NYG,DEF,8,8
Justin Tucker,BAL,PK,10,1
Stephen Gostkowski,NE,PK,9,2
Carolina Defense,CAR,DEF,11,9
Dan Bailey,DAL,PK,6,3
Matt Bryant,ATL,PK,5,4
Baltimore Defense,BAL,DEF,10,10
Jacksonville Defense,JAC,DEF,8,11
Sebastian Janikowski,OAK,PK,10,5
Mason Crosby,GB,PK,8,6
Atlanta Defense,ATL,DEF,5,12
Los Angeles Defense,LAR,DEF,8,13
Adam Vinatieri,IND,PK,11,7
Philadelphia Defense,PHI,DEF,10,14
Pittsburgh Defense,PIT,DEF,9,15
Oakland Defense,OAK,DEF,10,16
Brandon McManus,DEN,PK,5,8
Cairo Santos,KC,PK,10,9
Matt Prater,DET,PK,7,10
Dustin Hopkins,WAS,PK,5,11
Buffalo Defense,BUF,DEF,6,17
Chris Boswell,PIT,PK,9,12
Steven Hauschka,BUF,PK,6,13
Graham Gano,CAR,PK,11,14
Shayne Graham,NO,PK,5,15
