Aaron Rodgers,GB,QB,8,1
Tom Brady,NE,QB,9,2
Drew Brees,NO,QB,5,3
Andrew Luck,IND,QB,11,4
Matt Ryan,ATL,QB,5,5
Russell Wilson,SEA,QB,6,6
Cam Newton,CAR,QB,11,7
Ben Roethlisberger,PIT,QB,9,8
Dak Prescott,DAL,QB,6,9
Derek Carr,OAK,QB,10,10
Kirk Cousins,WAS,QB,5,11
Jameis Winston,TB,QB,11,12
Marcus Mariota,TEN,QB,8,13
Philip Rivers,LAC,QB,9,14
Matthew Stafford,DET,QB,7,15
Tyrod Taylor,BUF,QB,6,16
Eli Manning,NYG,QB,8,17
Andy Dalton,CIN,QB,6,18
Carson Wentz,PHI,QB,10,19
Blake Bortles,JAC,QB,8,20
Carson Palmer,ARI,QB,8,21
Ryan Tannehill,MIA,QB,11,22
Joe Flacco,BAL,QB,10,23
Sam Bradford,MIN,QB,9,24
Alex Smith,KC,QB,10,25
Deshaun Watson,HOU,QB,7,26
Mike Glennon,CHI,QB,8,27
Jimmy Garoppolo,NE,QB,9,28
Trevor Siemian,DEN,QB,5,29
Brian Hoyer,SF,QB,11,30
Jared Goff,LAR,QB,8,31
Mitch Trubisky,CHI,QB,8,32
Cody Kessler,CLE,QB,9,33
Patrick Mahomes,KC,QB,10,34
Josh McCown,NYJ,QB,11,35
DeShone Kizer,CLE,QB,9,36
Tom Savage,HOU,QB,7,37
Paxton Lynch,DEN,QB,5,38
Matt Barkley,SF,QB,11,39
Bryce Petty,NYJ,QB,11,40
AJ McCarron,CIN,QB,6,41
Matt Moore,MIA,QB,11,42
Matt Schaub,ATL,QB,5,43
Ryan Fitzpatrick,TB,QB,11,44
Davis Webb,NYG,QB,8,45
Derek Anderson,CAR,QB,11,46
Matt Cassel,TEN,QB,8,47
Kellen Clemens,LAC,QB,9,48
Colt McCoy,WAS,QB,5,49
Drew Stanton,ARI,QB,8,50
Chase Daniel,NO,QB,5,51
David Johnson,ARI,RB,8,1
Le'Veon Bell,PIT,RB,9,2
Ezekiel Elliott,DAL,RB,6,3
LeSean McCoy,BUF,RB,6,4
Devonta Freeman,ATL,RB,5,5
Melvin Gordon,LAC,RB,9,6
DeMarco Murray,TEN,RB,8,7
Jordan Howard,CHI,RB,8,8
Jay Ajayi,MIA,RB,11,9
Todd Gurley,LAR,RB,8,10
Lamar Miller,HOU,RB,7,11
Carlos Hyde,SF,RB,11,12
Christian McCaffrey,CAR,RB,11,13
Leonard Fournette,JAC,RB,8,14
Isaiah Crowell,CLE,RB,9,15
C.J. Anderson,DEN,RB,5,16
Spencer Ware,KC,RB,10,17
Marshawn Lynch,OAK,RB,10,18
Mark Ingram,NO,RB,5,19
Tevin Coleman,ATL,RB,5,20
Ty Montgomery,GB,RB,8,21
Bilal Powell,NYJ,RB,11,22
Joe Mixon,CIN,RB,6,23
Danny Woodhead,BAL,RB,10,24
Eddie Lacy,SEA,RB,6,25
Theo Riddick,DET,RB,7,26
Ameer Abdullah,DET,RB,7,27
Frank Gore,IND,RB,11,28
Dalvin Cook,MIN,RB,9,29
Robert Kelley,WAS,RB,5,30
Paul Perkins,NYG,RB,8,31
Mike Gillislee,NE,RB,9,32
Adrian Peterson,NO,RB,5,33
Kenneth Dixon,BAL,RB,10,34
Jamaal Charles,DEN,RB,5,35
Matt Forte,NYJ,RB,11,36
Doug Martin,TB,RB,11,37
Latavius Murray,MIN,RB,9,38
C.J. Prosise,SEA,RB,6,39
Jonathan Stewart,CAR,RB,11,40
Duke Johnson,CLE,RB,9,41
Derrick Henry,TEN,RB,8,42
Giovani Bernard,CIN,RB,6,43
James White,NE,RB,9,44
Jeremy Hill,CIN,RB,6,45
Samaje Perine,WAS,RB,5,46
Charles Sims,TB,RB,11,47
Darren Sproles,PHI,RB,10,48
Alvin Kamara,NO,RB,5,49
Thomas Rawls,SEA,RB,6,50
Kareem Hunt,KC,RB,10,51
Jerick McKinnon,MIN,RB,9,52
LeGarrette Blount,PHI,RB,,53
Jamaal Williams,GB,RB,8,54
Ryan Mathews,PHI,RB,10,55
Chris Thompson,WAS,RB,5,56
Rex Burkhead,NE,RB,9,57
Marlon Mack,IND,RB,11,58
Joe Williams,SF,RB,11,59
Wendell Smallwood,PHI,RB,10,60
Kerwynn Williams,ARI,RB,8,61
T.J. Yeldon,JAC,RB,8,62
Zach Zenner,DET,RB,7,63
Terrance West,BAL,RB,10,64
D'Onta Foreman,HOU,RB,7,65
Jeremy McNichols,TB,RB,11,66
Wayne Gallman,NYG,RB,8,67
Jacquizz Rodgers,TB,RB,11,68
DeAndre Washington,OAK,RB,10,69
Tim Hightower,SF,RB,11,70
Chris Ivory,JAC,RB,8,71
Shane Vereen,NYG,RB,8,72
Jalen Richard,OAK,RB,10,73
Jeremy Langford,CHI,RB,8,74
Devontae Booker,DEN,RB,5,75
Darren McFadden,DAL,RB,6,76
Donnel Pumphrey,PHI,RB,10,77
Robert Turbin,IND,RB,11,78
Lance Dunbar,LAR,RB,8,79
Tarik Cohen,CHI,RB,8,80
Malcolm Brown,LAR,RB,8,81
James Conner,PIT,RB,9,82
Jonathan Williams,BUF,RB,6,83
Charcandrick West,KC,RB,10,84
Branden Oliver,LAC,RB,9,85
Kenyan Drake,MIA,RB,11,86
Damien Williams,MIA,RB,11,87
Alfred Blue,HOU,RB,7,88
Shaun Draughn,NYG,RB,8,89
Cameron Artis-Payne,CAR,RB,11,90
Kenneth Farrow,LAC,RB,9,91
Antonio Brown,PIT,WR,9,1
Odell Beckham Jr.,NYG,WR,8,2
Julio Jones,ATL,WR,5,3
Mike Evans,TB,WR,11,4
A.J. Green,CIN,WR,6,5
Jordy Nelson,GB,WR,8,6
T.Y. Hilton,IND,WR,11,7
Dez Bryant,DAL,WR,6,8
Michael Thomas,NO,WR,5,9
Amari Cooper,OAK,WR,10,10
DeAndre Hopkins,HOU,WR,7,11
Doug Baldwin,SEA,WR,6,12
Demaryius Thomas,DEN,WR,5,13
Alshon Jeffery,PHI,WR,10,14
Keenan Allen,LAC,WR,9,15
Brandin Cooks,NE,WR,9,16
Allen Robinson,JAC,WR,8,17
Jarvis Landry,MIA,WR,11,18
Sammy Watkins,BUF,WR,6,19
Davante Adams,GB,WR,8,20
Golden Tate,DET,WR,7,21
Michael Crabtree,OAK,WR,10,22
Larry Fitzgerald,ARI,WR,8,23
Julian Edelman,NE,WR,9,24
Terrelle Pryor,WAS,WR,5,25
Emmanuel Sanders,DEN,WR,5,26
Stefon Diggs,MIN,WR,9,27
Donte Moncrief,IND,WR,11,28
Jamison Crowder,WAS,WR,5,29
Brandon Marshall,NYG,WR,8,30
Tyreek Hill,KC,WR,10,31
Eric Decker,NYJ,WR,11,32
Kelvin Benjamin,CAR,WR,11,33
Willie Snead,NO,WR,5,34
Pierre Garcon,SF,WR,11,35
DeSean Jackson,TB,WR,11,36
Corey Davis,TEN,WR,8,37
Jordan Matthews,PHI,WR,10,38
Rishard Matthews,TEN,WR,8,39
Corey Coleman,CLE,WR,9,40
Randall Cobb,GB,WR,8,41
Martavis Bryant,PIT,WR,9,42
Devante Parker,MIA,WR,11,43
Cameron Meredith,CHI,WR,8,44
Kenny Britt,CLE,WR,9,45
Adam Thielen,MIN,WR,9,46
Jeremy Maclin,KC,WR,10,47
Mike Williams,LAC,WR,9,48
John Brown,ARI,WR,8,49
Tyrell Williams,LAC,WR,9,50
Sterling Shepard,NYG,WR,8,51
Mike Wallace,BAL,WR,10,52
Marvin Jones,DET,WR,7,53
Kevin White,CHI,WR,8,54
Breshad Perriman,BAL,WR,10,55
Robert Woods,LAR,WR,8,56
John Ross,CIN,WR,6,57
Kenny Stills,MIA,WR,11,58
Marqise Lee,JAC,WR,8,59
Tyler Lockett,SEA,WR,6,60
Josh Doctson,WAS,WR,5,61
Ted Ginn,NO,WR,5,62
J.J. Nelson,ARI,WR,8,63
Zay Jones,BUF,WR,6,64
Will Fuller,HOU,WR,7,65
Malcolm Mitchell,NE,WR,9,66
Cole Beasley,DAL,WR,6,67
Taylor Gabriel,ATL,WR,5,68
Quincy Enunwa,NYJ,WR,11,69
Curtis Samuel,CAR,WR,11,70
Robby Anderson,NYJ,WR,11,71
Mohamed Sanu,ATL,WR,5,72
Tavon Austin,LAR,WR,8,73
Juju Smith-Schuster,PIT,WR,9,74
Allen Hurns,JAC,WR,8,75
Dontrelle Inman,LAC,WR,9,76
Travis Benjamin,LAC,WR,9,77
Eli Rogers,PIT,WR,9,78
Laquon Treadwell,MIN,WR,9,79
Chris Conley,KC,WR,10,80
Torrey Smith,PHI,WR,10,81
Devin Funchess,CAR,WR,11,82
Josh Reynolds,LAR,WR,8,83
Cooper Kupp,LAR,WR,8,84
Michael Floyd,MIN,WR,9,85
Tyler Boyd,CIN,WR,6,86
Chris Hogan,NE,WR,9,87
Jeremy Kerley,SF,WR,11,88
Kendall Wright,CHI,WR,8,89
Cordarrelle Patterson,OAK,WR,10,90
Kamar Aiken,IND,WR,11,91
Aldrick Robinson,SF,WR,11,92
ArDarius Stewart,NYJ,WR,11,93
Tajae Sharpe,TEN,WR,8,94
Terrance Williams,DAL,WR,6,95
Nelson Agholor,PHI,WR,10,96
Adam Humphries,TB,WR,11,97
Brandon LaFell,CIN,WR,6,98
Taywan Taylor,TEN,WR,8,99
Jordan Norwood,DEN,WR,5,100
Jaelen Strong,HOU,WR,7,101
Braxton Miller,HOU,WR,7,102
Kenny Golladay,DET,WR,7,103
Sammie Coates,PIT,WR,9,104
Paul Richardson,SEA,WR,6,105
Dede Westbrook,JAC,WR,8,106
Brian Quick,WAS,WR,5,107
Chad Hansen,NYJ,WR,11,108
Ricardo Louis,CLE,WR,9,109
Marquise Goodwin,SF,WR,11,110
Danny Amendola,NE,WR,9,111
Phillip Dorsett,IND,WR,11,112
Paul Turner,PHI,WR,10,113
Markus Wheaton,CHI,WR,8,114
Brandon Coleman,NO,WR,5,115
Aaron Burbridge,SF,WR,11,116
Jaron Brown,ARI,WR,8,117
Seth Roberts,OAK,WR,10,118
Philly Brown,BUF,WR,6,119
Chris Godwin,TB,WR,11,120
Amara Darboh,SEA,WR,6,121
TJ Jones,DET,WR,7,122
Michael Campanaro,BAL,WR,10,123
Justin Hardy,ATL,WR,5,124
Andre Holmes,BUF,WR,6,125
Jermaine Kearse,SEA,WR,6,126
Arrelious Benn,JAC,WR,8,127
Albert Wilson,KC,WR,10,128
Pharoh Cooper,LAR,WR,8,129
Leonte Carroo,MIA,WR,11,130
Bruce Ellington,SF,WR,11,131
Chris Moore,BAL,WR,10,132
Jeff Janis,GB,WR,8,133
Russell Shepard,CAR,WR,11,134
Brice Butler,DAL,WR,6,135
Mack Hollins,PHI,WR,10,136
Dwayne Harris,NYG,WR,8,137
Bennie Fowler,DEN,WR,5,138
Rashard Higgins,CLE,WR,9,139
Bryan Walters,JAC,WR,8,140
Geronimo Allison,GB,WR,8,141
Rob Gronkowski,NE,TE,9,1
Travis Kelce,KC,TE,10,2
Jordan Reed,WAS,TE,5,3
Greg Olsen,CAR,TE,11,4
Tyler Eifert,CIN,TE,6,5
Jimmy Graham,SEA,TE,6,6
Delanie Walker,TEN,TE,8,7
Kyle Rudolph,MIN,TE,9,8
Martellus Bennett,GB,TE,8,9
Zach Ertz,PHI,TE,10,10
Hunter Henry,LAC,TE,9,11
Eric Ebron,DET,TE,7,12
Jack Doyle,IND,TE,11,13
C.J. Fiedorowicz,HOU,TE,7,14
O.J. Howard,TB,TE,11,15
Cameron Brate,TB,TE,11,16
Jason Witten,DAL,TE,6,17
Antonio Gates,LAC,TE,9,18
Julius Thomas,MIA,TE,11,19
Coby Fleener,NO,TE,5,20
Zach Miller,CHI,TE,8,21
Jesse James,PIT,TE,9,22
Evan Engram,NYG,TE,8,23
David Njoku,CLE,TE,9,24
Austin Hooper,ATL,TE,5,25
Jared Cook,OAK,TE,10,26
Dennis Pitta,BAL,TE,10,27
Charles Clay,BUF,TE,6,28
Tyler Higbee,LAR,TE,8,29
Adam Shaheen,CHI,TE,8,30
Vance McDonald,SF,TE,11,31
Dwayne Allen,NE,TE,9,32
Virgil Green,DEN,TE,5,33
Gerald Everett,LAR,TE,8,34
Jermaine Gresham,ARI,TE,8,35
Lance Kendricks,GB,TE,8,36
Vernon Davis,WAS,TE,5,37
A.J. Derby,DEN,TE,5,38
Will Tye,NYG,TE,8,39
Austin Seferian-Jenkins,NYJ,TE,11,40
Jordan Leggett,NYJ,TE,11,41
Clive Walford,OAK,TE,10,42
Garrett Celek,SF,TE,11,43
Mychal Rivera,JAC,TE,8,44
Marcedes Lewis,JAC,TE,8,45
Bucky Hodges,MIN,TE,9,46
Erik Swoope,IND,TE,11,47
Anthony Fasano,MIA,TE,11,48
Jonnu Smith,TEN,TE,8,49
Brent Celek,PHI,TE,10,50
Tyler Kroft,CIN,TE,6,51
Josh Hill,NO,TE,5,52
Benjamin Watson,BAL,TE,10,53
Gavin Escobar,KC,TE,10,54
Ed Dickson,CAR,TE,11,55
Luke Willson,SEA,TE,6,56
Kansas City Defense,KC,DEF,10,1
Denver Defense,DEN,DEF,5,2
Houston Defense,HOU,DEF,7,3
Seattle Defense,SEA,DEF,6,4
New England Defense,NE,DEF,9,5
Minnesota Defense,MIN,DEF,9,6
Arizona Defense,ARI,DEF,8,7
NY Giants Defense,NYG,DEF,8,8
Baltimore Defense,BAL,DEF,10,9
Justin Tucker,BAL,PK,10,1
Stephen Gostkowski,NE,PK,9,2
Matt Bryant,ATL,PK,5,3
San Diego Defense,LAC,DEF,9,10
Carolina Defense,CAR,DEF,11,11
Los Angeles Defense,LAR,DEF,8,12
Dan Bailey,DAL,PK,6,4
Philadelphia Defense,PHI,DEF,10,13
Adam Vinatieri,IND,PK,11,5
Tampa Bay Defense,TB,DEF,11,14
Mason Crosby,GB,PK,8,6
Atlanta Defense,ATL,DEF,5,15
Buffalo Defense,BUF,DEF,6,16
Pittsburgh Defense,PIT,DEF,9,17
Sebastian Janikowski,OAK,PK,10,7
Oakland Defense,OAK,DEF,10,18
Jacksonville Defense,JAC,DEF,8,19
Matt Prater,DET,PK,7,8
Miami Defense,MIA,DEF,11,20
Brandon McManus,DEN,PK,5,9
Chris Boswell,PIT,PK,9,10
Cairo Santos,KC,PK,10,11
Steven Hauschka,BUF,PK,6,12
Graham Gano,CAR,PK,11,13
Nick Novak,LAC,PK,9,14
Roberto Aguayo,TB,PK,11,15
Caleb Sturgis,MIA,PK,11,16
Josh Brown,NYG,PK,8,17
