Name,Team,Pos,BYE,POS. RANK
Aaron Rodgers,GB,QB,8,1
Tom Brady,NE,QB,9,2
Drew Brees,NO,QB,5,3
Andrew Luck,IND,QB,11,4
Matt Ryan,ATL,QB,5,5
Russell Wilson,SEA,QB,6,6
Cam Newton,CAR,QB,11,7
Ben Roethlisberger,PIT,QB,9,8
Dak Prescott,DAL,QB,6,9
Derek Carr,OAK,QB,10,10
Kirk Cousins,WAS,QB,5,11
Jameis Winston,TB,QB,11,12
Marcus Mariota,TEN,QB,8,13
Philip Rivers,LAC,QB,9,14
Matthew Stafford,DET,QB,7,15
Tyrod Taylor,BUF,QB,6,16
Eli Manning,NYG,QB,8,17
Andy Dalton,CIN,QB,6,18
Carson Wentz,PHI,QB,10,19
Blake Bortles,JAC,QB,8,20
Carson Palmer,ARI,QB,8,21
Ryan Tannehill,MIA,QB,11,22
Joe Flacco,BAL,QB,10,23
Sam Bradford,MIN,QB,9,24
Alex Smith,KC,QB,10,25
Deshaun Watson,HOU,QB,7,26
Mike Glennon,CHI,QB,8,27
Jimmy Garoppolo,NE,QB,9,28
Trevor Siemian,DEN,QB,5,29
Brian Hoyer,SF,QB,11,30
Jared Goff,LAR,QB,8,31
Mitch Trubisky,CHI,QB,8,32
Cody Kessler,CLE,QB,9,33
Patrick Mahomes,KC,QB,10,34
Josh McCown,NYJ,QB,11,35
DeShone Kizer,CLE,QB,9,36
Tom Savage,HOU,QB,7,37
Paxton Lynch,DEN,QB,5,38
Matt Barkley,SF,QB,11,39
Bryce Petty,NYJ,QB,11,40
AJ McCarron,CIN,QB,6,41
Matt Moore,MIA,QB,11,42
Matt Schaub,ATL,QB,5,43
Ryan Fitzpatrick,TB,QB,11,44
Davis Webb,NYG,QB,8,45
Derek Anderson,CAR,QB,11,46
Matt Cassel,TEN,QB,8,47
Kellen Clemens,LAC,QB,9,48
Colt McCoy,WAS,QB,5,49
Drew Stanton,ARI,QB,8,50
Chase Daniel,NO,QB,5,51