Name,Team,Pos,BYE,POS. RANK
Antonio Brown,PIT,WR,9,1
Odell Beckham Jr.,NYG,WR,8,2
Julio Jones,ATL,WR,5,3
Mike Evans,TB,WR,11,4
A.J. Green,CIN,WR,6,5
Jordy Nelson,GB,WR,8,6
T.Y. Hilton,IND,WR,11,7
Dez Bryant,DAL,WR,6,8
Amari Cooper,OAK,WR,10,9
Michael Thomas,NO,WR,5,10
DeAndre Hopkins,HOU,WR,7,11
Doug Baldwin,SEA,WR,6,12
Alshon Jeffery,PHI,WR,10,13
Keenan Allen,LAC,WR,9,14
Demaryius Thomas,DEN,WR,5,15
Brandin Cooks,NE,WR,9,16
Allen Robinson,JAC,WR,8,17
Davante Adams,GB,WR,8,18
Sammy Watkins,BUF,WR,6,19
Jarvis Landry,MIA,WR,11,20
Michael Crabtree,OAK,WR,10,21
Golden Tate,DET,WR,7,22
Larry Fitzgerald,ARI,WR,8,23
Terrelle Pryor,WAS,WR,5,24
Julian Edelman,NE,WR,9,25
Stefon Diggs,MIN,WR,9,26
Emmanuel Sanders,DEN,WR,5,27
Donte Moncrief,IND,WR,11,28
Brandon Marshall,NYG,WR,8,29
Jamison Crowder,WAS,WR,5,30
Eric Decker,NYJ,WR,11,31
Kelvin Benjamin,CAR,WR,11,32
Tyreek Hill,KC,WR,10,33
DeSean Jackson,TB,WR,11,34
Willie Snead,NO,WR,5,35
Corey Davis,TEN,WR,8,36
Jordan Matthews,PHI,WR,10,37
Devante Parker,MIA,WR,11,38
Pierre Garcon,SF,WR,11,39
Martavis Bryant,PIT,WR,9,40
Corey Coleman,CLE,WR,9,41
Rishard Matthews,TEN,WR,8,42
Randall Cobb,GB,WR,8,43
Kenny Britt,CLE,WR,9,44
Cameron Meredith,CHI,WR,8,45
Adam Thielen,MIN,WR,9,46
Jeremy Maclin,KC,WR,10,47
John Brown,ARI,WR,8,48
Sterling Shepard,NYG,WR,8,49
Mike Williams,LAC,WR,9,50
Tyrell Williams,LAC,WR,9,51
Kevin White,CHI,WR,8,52
Mike Wallace,BAL,WR,10,53
Marvin Jones,DET,WR,7,54
Breshad Perriman,BAL,WR,10,55
Robert Woods,LAR,WR,8,56
Josh Doctson,WAS,WR,5,57
John Ross,CIN,WR,6,58
Tyler Lockett,SEA,WR,6,59
Kenny Stills,MIA,WR,11,60
Malcolm Mitchell,NE,WR,9,61
Zay Jones,BUF,WR,6,62
Will Fuller,HOU,WR,7,63
Ted Ginn,NO,WR,5,64
Marqise Lee,JAC,WR,8,65
J.J. Nelson,ARI,WR,8,66
Taylor Gabriel,ATL,WR,5,67
Cole Beasley,DAL,WR,6,68
Quincy Enunwa,NYJ,WR,11,69
Devin Funchess,CAR,WR,11,70
Robby Anderson,NYJ,WR,11,71
Torrey Smith,PHI,WR,10,72
Allen Hurns,JAC,WR,8,73
Mohamed Sanu,ATL,WR,5,74
Tavon Austin,LAR,WR,8,75
Travis Benjamin,LAC,WR,9,76
Michael Floyd,MIN,WR,9,77
Juju Smith-Schuster,PIT,WR,9,78
Chris Hogan,NE,WR,9,79
Eli Rogers,PIT,WR,9,80
Curtis Samuel,CAR,WR,11,81
Cooper Kupp,LAR,WR,8,82
Tyler Boyd,CIN,WR,6,83
Kamar Aiken,IND,WR,11,84
Kendall Wright,CHI,WR,8,85
Terrance Williams,DAL,WR,6,86
ArDarius Stewart,NYJ,WR,11,87
Jeremy Kerley,SF,WR,11,88
Josh Reynolds,LAR,WR,8,89
Cordarrelle Patterson,OAK,WR,10,90
Laquon Treadwell,MIN,WR,9,91
Tajae Sharpe,TEN,WR,8,92
Adam Humphries,TB,WR,11,93
Sammie Coates,PIT,WR,9,94
Taywan Taylor,TEN,WR,8,95
Nelson Agholor,PHI,WR,10,96
Dontrelle Inman,LAC,WR,9,97
Jordan Norwood,DEN,WR,5,98
Dede Westbrook,JAC,WR,8,99
Paul Richardson,SEA,WR,6,100
Chris Conley,KC,WR,10,101
Braxton Miller,HOU,WR,7,102
Kenny Golladay,DET,WR,7,103
Jaelen Strong,HOU,WR,7,104
Chad Hansen,NYJ,WR,11,105
Brandon LaFell,CIN,WR,6,106
Marquise Goodwin,SF,WR,11,107
Ricardo Louis,CLE,WR,9,108
Brian Quick,WAS,WR,5,109
Markus Wheaton,CHI,WR,8,110
Chris Godwin,TB,WR,11,111
Brandon Coleman,NO,WR,5,112
Phillip Dorsett,IND,WR,11,113
Aldrick Robinson,SF,WR,11,114
Seth Roberts,OAK,WR,10,115
Jaron Brown,ARI,WR,8,116
Philly Brown,BUF,WR,6,117
TJ Jones,DET,WR,7,118
Danny Amendola,NE,WR,9,119
Jermaine Kearse,SEA,WR,6,120
Chris Moore,BAL,WR,10,121
Leonte Carroo,MIA,WR,11,122
Andre Holmes,BUF,WR,6,123
Michael Campanaro,BAL,WR,10,124
Justin Hardy,ATL,WR,5,125
Deonte Thompson,CHI,WR,8,126
Pharoh Cooper,LAR,WR,8,127
Jeff Janis,GB,WR,8,128
Russell Shepard,CAR,WR,11,129
Brice Butler,DAL,WR,6,130
Dwayne Harris,NYG,WR,8,131
Albert Wilson,KC,WR,10,132