Name,Team,Pos,BYE,POS. RANK
David Johnson,ARI,RB,8,1
Le'Veon Bell,PIT,RB,9,2
Ezekiel Elliott,DAL,RB,6,3
LeSean McCoy,BUF,RB,6,4
Melvin Gordon,LAC,RB,9,5
Devonta Freeman,ATL,RB,5,6
DeMarco Murray,TEN,RB,8,7
Jay Ajayi,MIA,RB,11,8
Jordan Howard,CHI,RB,8,9
Todd Gurley,LAR,RB,8,10
Lamar Miller,HOU,RB,7,11
Carlos Hyde,SF,RB,11,12
C.J. Anderson,DEN,RB,5,13
Spencer Ware,KC,RB,10,14
Isaiah Crowell,CLE,RB,9,15
Leonard Fournette,JAC,RB,8,16
Christian McCaffrey,CAR,RB,11,17
Mark Ingram,NO,RB,5,18
Marshawn Lynch,OAK,RB,10,19
Tevin Coleman,ATL,RB,5,20
Ty Montgomery,GB,RB,8,21
Eddie Lacy,SEA,RB,6,22
Bilal Powell,NYJ,RB,11,23
Joe Mixon,CIN,RB,6,24
Robert Kelley,WAS,RB,5,25
Frank Gore,IND,RB,11,26
Ameer Abdullah,DET,RB,7,27
Danny Woodhead,BAL,RB,10,28
Dalvin Cook,MIN,RB,9,29
Adrian Peterson,NO,RB,5,30
Paul Perkins,NYG,RB,8,31
Latavius Murray,MIN,RB,9,32
Theo Riddick,DET,RB,7,33
Mike Gillislee,NE,RB,9,34
Jonathan Stewart,CAR,RB,11,35
Kenneth Dixon,BAL,RB,10,36
Doug Martin,TB,RB,11,37
Matt Forte,NYJ,RB,11,38
Jamaal Charles,DEN,RB,5,39
Jeremy Hill,CIN,RB,6,40
Derrick Henry,TEN,RB,8,41
C.J. Prosise,SEA,RB,6,42
Giovani Bernard,CIN,RB,6,43
Duke Johnson,CLE,RB,9,44
Thomas Rawls,SEA,RB,6,45
LeGarrette Blount,PHI,RB,,46
Samaje Perine,WAS,RB,5,47
James White,NE,RB,9,48
Kareem Hunt,KC,RB,10,49
Charles Sims,TB,RB,11,50
Alvin Kamara,NO,RB,5,51
Jamaal Williams,GB,RB,8,52
Jerick McKinnon,MIN,RB,9,53
Ryan Mathews,PHI,RB,10,54
Rex Burkhead,NE,RB,9,55
Darren Sproles,PHI,RB,10,56
Marlon Mack,IND,RB,11,57
Joe Williams,SF,RB,11,58
Chris Thompson,WAS,RB,5,59
Zach Zenner,DET,RB,7,60
Terrance West,BAL,RB,10,61
Wendell Smallwood,PHI,RB,10,62
D'Onta Foreman,HOU,RB,7,63
Jeremy McNichols,TB,RB,11,64
T.J. Yeldon,JAC,RB,8,65
Tim Hightower,SF,RB,11,66
DeAndre Washington,OAK,RB,10,67
Chris Ivory,JAC,RB,8,68
Wayne Gallman,NYG,RB,8,69
Kerwynn Williams,ARI,RB,8,70
Jalen Richard,OAK,RB,10,71
Jacquizz Rodgers,TB,RB,11,72
Shane Vereen,NYG,RB,8,73
Jeremy Langford,CHI,RB,8,74
James Conner,PIT,RB,9,75
Devontae Booker,DEN,RB,5,76
Robert Turbin,IND,RB,11,77
Darren McFadden,DAL,RB,6,78
Jonathan Williams,BUF,RB,6,79
Tarik Cohen,CHI,RB,8,80
Lance Dunbar,LAR,RB,8,81
Charcandrick West,KC,RB,10,82
Malcolm Brown,LAR,RB,8,83
Branden Oliver,LAC,RB,9,84
Donnel Pumphrey,PHI,RB,10,85
Kenyan Drake,MIA,RB,11,86
Damien Williams,MIA,RB,11,87
Shaun Draughn,NYG,RB,8,88
Alfred Blue,HOU,RB,7,89
Cameron Artis-Payne,CAR,RB,11,90
Kenneth Farrow,LAC,RB,9,91