Name,Team,Pos,BYE,POS. RANK
Rob Gronkowski,NE,TE,9,1
Travis Kelce,KC,TE,10,2
Jordan Reed,WAS,TE,5,3
Greg Olsen,CAR,TE,11,4
Tyler Eifert,CIN,TE,6,5
Jimmy Graham,SEA,TE,6,6
Delanie Walker,TEN,TE,8,7
Martellus Bennett,GB,TE,8,8
Kyle Rudolph,MIN,TE,9,9
Hunter Henry,LAC,TE,9,10
Zach Ertz,PHI,TE,10,11
Eric Ebron,DET,TE,7,12
Jack Doyle,IND,TE,11,13
C.J. Fiedorowicz,HOU,TE,7,14
O.J. Howard,TB,TE,11,15
Antonio Gates,LAC,TE,9,16
Cameron Brate,TB,TE,11,17
Jason Witten,DAL,TE,6,18
Coby Fleener,NO,TE,5,19
Julius Thomas,MIA,TE,11,20
Jesse James,PIT,TE,9,21
Zach Miller,CHI,TE,8,22
Austin Hooper,ATL,TE,5,23
Evan Engram,NYG,TE,8,24
Jared Cook,OAK,TE,10,25
David Njoku,CLE,TE,9,26
Dennis Pitta,BAL,TE,10,27
Charles Clay,BUF,TE,6,28
Virgil Green,DEN,TE,5,29
Jermaine Gresham,ARI,TE,8,30
Lance Kendricks,GB,TE,8,31
Gerald Everett,LAR,TE,8,32
Tyler Higbee,LAR,TE,8,33
Vance McDonald,SF,TE,11,34
Dwayne Allen,NE,TE,9,35
Will Tye,NYG,TE,8,36
Jordan Leggett,NYJ,TE,11,37
Vernon Davis,WAS,TE,5,38
Adam Shaheen,CHI,TE,8,39
Austin Seferian-Jenkins,NYJ,TE,11,40
A.J. Derby,DEN,TE,5,41
Bucky Hodges,MIN,TE,9,42
Erik Swoope,IND,TE,11,43
Garrett Celek,SF,TE,11,44
Clive Walford,OAK,TE,10,45
Mychal Rivera,JAC,TE,8,46
Marcedes Lewis,JAC,TE,8,47
Jonnu Smith,TEN,TE,8,48
Anthony Fasano,MIA,TE,11,49
Benjamin Watson,BAL,TE,10,50
Josh Hill,NO,TE,5,51
Brent Celek,PHI,TE,10,52
Luke Willson,SEA,TE,6,53