Name,Team,Pos,BYE,POS. RANK
David Johnson,ARI,RB,8,1
Le'Veon Bell,PIT,RB,9,2
Ezekiel Elliott,DAL,RB,6,3
LeSean McCoy,BUF,RB,6,4
Melvin Gordon,LAC,RB,9,5
Jordan Howard,CHI,RB,8,6
Devonta Freeman,ATL,RB,5,7
Jay Ajayi,MIA,RB,11,8
DeMarco Murray,TEN,RB,8,9
Todd Gurley,LAR,RB,8,10
Lamar Miller,HOU,RB,7,11
Carlos Hyde,SF,RB,11,12
Leonard Fournette,JAC,RB,8,13
Tevin Coleman,ATL,RB,5,14
Marshawn Lynch,OAK,RB,10,15
C.J. Anderson,DEN,RB,5,16
Isaiah Crowell,CLE,RB,9,17
Mark Ingram,NO,RB,5,18
Spencer Ware,KC,RB,10,19
Eddie Lacy,SEA,RB,6,20
Christian McCaffrey,CAR,RB,11,21
Joe Mixon,CIN,RB,6,22
Robert Kelley,WAS,RB,5,23
Ty Montgomery,GB,RB,8,24
Bilal Powell,NYJ,RB,11,25
Frank Gore,IND,RB,11,26
Ameer Abdullah,DET,RB,7,27
Adrian Peterson,NO,RB,5,28
Jonathan Stewart,CAR,RB,11,29
Latavius Murray,MIN,RB,9,30
Paul Perkins,NYG,RB,8,31
Dalvin Cook,MIN,RB,9,32
Mike Gillislee,NE,RB,9,33
Jeremy Hill,CIN,RB,6,34
Doug Martin,TB,RB,11,35
Danny Woodhead,BAL,RB,10,36
Kenneth Dixon,BAL,RB,10,37
Matt Forte,NYJ,RB,11,38
Derrick Henry,TEN,RB,8,39
Theo Riddick,DET,RB,7,40
C.J. Prosise,SEA,RB,6,41
Jamaal Charles,DEN,RB,5,42
Samaje Perine,WAS,RB,5,43
Giovani Bernard,CIN,RB,6,44
LeGarrette Blount,PHI,RB,,45
Thomas Rawls,SEA,RB,6,46
Kareem Hunt,KC,RB,10,47
Ryan Mathews,PHI,RB,10,48
Duke Johnson,CLE,RB,9,49
Jamaal Williams,GB,RB,8,50
Rex Burkhead,NE,RB,9,51
James White,NE,RB,9,52
Jerick McKinnon,MIN,RB,9,53
Charles Sims,TB,RB,11,54
Marlon Mack,IND,RB,11,55
Terrance West,BAL,RB,10,56
Alvin Kamara,NO,RB,5,57
Wendell Smallwood,PHI,RB,10,58
Darren Sproles,PHI,RB,10,59
Jalen Richard,OAK,RB,10,60
Joe Williams,SF,RB,11,61
Jeremy McNichols,TB,RB,11,62
D'Onta Foreman,HOU,RB,7,63
Zach Zenner,DET,RB,7,64
T.J. Yeldon,JAC,RB,8,65
Chris Ivory,JAC,RB,8,66
Tim Hightower,SF,RB,11,67
Chris Thompson,WAS,RB,5,68
Jacquizz Rodgers,TB,RB,11,69
DeAndre Washington,OAK,RB,10,70
Wayne Gallman,NYG,RB,8,71
Devontae Booker,DEN,RB,5,72
Jonathan Williams,BUF,RB,6,73
Shane Vereen,NYG,RB,8,74
James Conner,PIT,RB,9,75
Jeremy Langford,CHI,RB,8,76
Charcandrick West,KC,RB,10,77
Darren McFadden,DAL,RB,6,78
Kenyan Drake,MIA,RB,11,79
Robert Turbin,IND,RB,11,80
Kerwynn Williams,ARI,RB,8,81
Damien Williams,MIA,RB,11,82
Donnel Pumphrey,PHI,RB,10,83
Tarik Cohen,CHI,RB,8,84
Branden Oliver,LAC,RB,9,85
Lance Dunbar,LAR,RB,8,86
Kenneth Farrow,LAC,RB,9,87