Name,Team,Pos,BYE,POS. RANK
Antonio Brown,PIT,WR,9,1
Julio Jones,ATL,WR,5,2
Odell Beckham Jr.,NYG,WR,8,3
Mike Evans,TB,WR,11,4
A.J. Green,CIN,WR,6,5
Jordy Nelson,GB,WR,8,6
T.Y. Hilton,IND,WR,11,7
Dez Bryant,DAL,WR,6,8
Michael Thomas,NO,WR,5,9
Amari Cooper,OAK,WR,10,10
DeAndre Hopkins,HOU,WR,7,11
Doug Baldwin,SEA,WR,6,12
Alshon Jeffery,PHI,WR,10,13
Brandin Cooks,NE,WR,9,14
Allen Robinson,JAC,WR,8,15
Demaryius Thomas,DEN,WR,5,16
Sammy Watkins,BUF,WR,6,17
Davante Adams,GB,WR,8,18
Keenan Allen,LAC,WR,9,19
Michael Crabtree,OAK,WR,10,20
Terrelle Pryor,WAS,WR,5,21
Jarvis Landry,MIA,WR,11,22
Emmanuel Sanders,DEN,WR,5,23
Julian Edelman,NE,WR,9,24
Golden Tate,DET,WR,7,25
Donte Moncrief,IND,WR,11,26
Larry Fitzgerald,ARI,WR,8,27
Stefon Diggs,MIN,WR,9,28
Brandon Marshall,NYG,WR,8,29
Kelvin Benjamin,CAR,WR,11,30
Eric Decker,NYJ,WR,11,31
DeSean Jackson,TB,WR,11,32
Tyreek Hill,KC,WR,10,33
Jamison Crowder,WAS,WR,5,34
Corey Davis,TEN,WR,8,35
Martavis Bryant,PIT,WR,9,36
Willie Snead,NO,WR,5,37
Rishard Matthews,TEN,WR,8,38
Devante Parker,MIA,WR,11,39
Randall Cobb,GB,WR,8,40
Jordan Matthews,PHI,WR,10,41
Corey Coleman,CLE,WR,9,42
Pierre Garcon,SF,WR,11,43
Kenny Britt,CLE,WR,9,44
Cameron Meredith,CHI,WR,8,45
Tyrell Williams,LAC,WR,9,46
Adam Thielen,MIN,WR,9,47
Jeremy Maclin,KC,WR,10,48
Mike Williams,LAC,WR,9,49
John Brown,ARI,WR,8,50
Sterling Shepard,NYG,WR,8,51
Mike Wallace,BAL,WR,10,52
Breshad Perriman,BAL,WR,10,53
Marvin Jones,DET,WR,7,54
Kevin White,CHI,WR,8,55
John Ross,CIN,WR,6,56
Josh Doctson,WAS,WR,5,57
Kenny Stills,MIA,WR,11,58
Ted Ginn,NO,WR,5,59
Tyler Lockett,SEA,WR,6,60
J.J. Nelson,ARI,WR,8,61
Robert Woods,LAR,WR,8,62
Zay Jones,BUF,WR,6,63
Marqise Lee,JAC,WR,8,64
Will Fuller,HOU,WR,7,65
Malcolm Mitchell,NE,WR,9,66
Taylor Gabriel,ATL,WR,5,67
Quincy Enunwa,NYJ,WR,11,68
Allen Hurns,JAC,WR,8,69
Devin Funchess,CAR,WR,11,70
Torrey Smith,PHI,WR,10,71
Josh Reynolds,LAR,WR,8,72
Robby Anderson,NYJ,WR,11,73
Cole Beasley,DAL,WR,6,74
Mohamed Sanu,ATL,WR,5,75
Laquon Treadwell,MIN,WR,9,76
Curtis Samuel,CAR,WR,11,77
Chris Hogan,NE,WR,9,78
Juju Smith-Schuster,PIT,WR,9,79
Dontrelle Inman,LAC,WR,9,80
Michael Floyd,MIN,WR,9,81
Tavon Austin,LAR,WR,8,82
Eli Rogers,PIT,WR,9,83
Kamar Aiken,IND,WR,11,84
Terrance Williams,DAL,WR,6,85
Tyler Boyd,CIN,WR,6,86
Cooper Kupp,LAR,WR,8,87
Kendall Wright,CHI,WR,8,88
ArDarius Stewart,NYJ,WR,11,89
Tajae Sharpe,TEN,WR,8,90
Adam Humphries,TB,WR,11,91
Taywan Taylor,TEN,WR,8,92
Jeremy Kerley,SF,WR,11,93
Chris Godwin,TB,WR,11,94
Cordarrelle Patterson,OAK,WR,10,95
Jordan Norwood,DEN,WR,5,96
Paul Richardson,SEA,WR,6,97
Marquise Goodwin,SF,WR,11,98
Brian Quick,WAS,WR,5,99
Phillip Dorsett,IND,WR,11,100
Markus Wheaton,CHI,WR,8,101
Dede Westbrook,JAC,WR,8,102
Braxton Miller,HOU,WR,7,103
Ricardo Louis,CLE,WR,9,104
Jaelen Strong,HOU,WR,7,105
Chris Conley,KC,WR,10,106
Seth Roberts,OAK,WR,10,107
Bruce Ellington,SF,WR,11,108
Jaron Brown,ARI,WR,8,109
Jermaine Kearse,SEA,WR,6,110
TJ Jones,DET,WR,7,111
Danny Amendola,NE,WR,9,112
Philly Brown,BUF,WR,6,113
Chris Moore,BAL,WR,10,114
Pharoh Cooper,LAR,WR,8,115