Name,Team,Pos,BYE,POS. RANK
Rob Gronkowski,NE,TE,9,1
Travis Kelce,KC,TE,10,2
Jordan Reed,WAS,TE,5,3
Greg Olsen,CAR,TE,11,4
Tyler Eifert,CIN,TE,6,5
Jimmy Graham,SEA,TE,6,6
Delanie Walker,TEN,TE,8,7
Kyle Rudolph,MIN,TE,9,8
Martellus Bennett,GB,TE,8,9
Hunter Henry,LAC,TE,9,10
Zach Ertz,PHI,TE,10,11
Eric Ebron,DET,TE,7,12
Jack Doyle,IND,TE,11,13
O.J. Howard,TB,TE,11,14
Cameron Brate,TB,TE,11,15
C.J. Fiedorowicz,HOU,TE,7,16
Jesse James,PIT,TE,9,17
Antonio Gates,LAC,TE,9,18
Coby Fleener,NO,TE,5,19
Julius Thomas,MIA,TE,11,20
Jason Witten,DAL,TE,6,21
Austin Hooper,ATL,TE,5,22
Zach Miller,CHI,TE,8,23
Jared Cook,OAK,TE,10,24
David Njoku,CLE,TE,9,25
Evan Engram,NYG,TE,8,26
Tyler Higbee,LAR,TE,8,27
Dennis Pitta,BAL,TE,10,28
Vance McDonald,SF,TE,11,29
Charles Clay,BUF,TE,6,30
Dwayne Allen,NE,TE,9,31
Lance Kendricks,GB,TE,8,32
A.J. Derby,DEN,TE,5,33
Jermaine Gresham,ARI,TE,8,34
Gerald Everett,LAR,TE,8,35
Jordan Leggett,NYJ,TE,11,36
Austin Seferian-Jenkins,NYJ,TE,11,37
Adam Shaheen,CHI,TE,8,38
Erik Swoope,IND,TE,11,39
Vernon Davis,WAS,TE,5,40
Bucky Hodges,MIN,TE,9,41
Will Tye,NYG,TE,8,42
Clive Walford,OAK,TE,10,43
Dion Sims,CHI,TE,8,44
Jonnu Smith,TEN,TE,8,45
Marcedes Lewis,JAC,TE,8,46
Virgil Green,DEN,TE,5,47
Mychal Rivera,JAC,TE,8,48
Garrett Celek,SF,TE,11,49
Benjamin Watson,BAL,TE,10,50
Luke Willson,SEA,TE,6,51
Josh Hill,NO,TE,5,52
Anthony Fasano,MIA,TE,11,53
Brent Celek,PHI,TE,10,54