Name,Team,Pos,BYE,POS. RANK
David Johnson,ARI,RB,8,1
Le'Veon Bell,PIT,RB,9,2
Ezekiel Elliott,DAL,RB,6,3
LeSean McCoy,BUF,RB,6,4
Devonta Freeman,ATL,RB,5,5
Melvin Gordon,LAC,RB,9,6
DeMarco Murray,TEN,RB,8,7
Jordan Howard,CHI,RB,8,8
Jay Ajayi,MIA,RB,11,9
Todd Gurley,LAR,RB,8,10
Lamar Miller,HOU,RB,7,11
Carlos Hyde,SF,RB,11,12
Christian McCaffrey,CAR,RB,11,13
Leonard Fournette,JAC,RB,8,14
Isaiah Crowell,CLE,RB,9,15
C.J. Anderson,DEN,RB,5,16
Spencer Ware,KC,RB,10,17
Marshawn Lynch,OAK,RB,10,18
Mark Ingram,NO,RB,5,19
Tevin Coleman,ATL,RB,5,20
Ty Montgomery,GB,RB,8,21
Bilal Powell,NYJ,RB,11,22
Joe Mixon,CIN,RB,6,23
Danny Woodhead,BAL,RB,10,24
Eddie Lacy,SEA,RB,6,25
Theo Riddick,DET,RB,7,26
Ameer Abdullah,DET,RB,7,27
Frank Gore,IND,RB,11,28
Dalvin Cook,MIN,RB,9,29
Robert Kelley,WAS,RB,5,30
Paul Perkins,NYG,RB,8,31
Mike Gillislee,NE,RB,9,32
Adrian Peterson,NO,RB,5,33
Kenneth Dixon,BAL,RB,10,34
Jamaal Charles,DEN,RB,5,35
Matt Forte,NYJ,RB,11,36
Doug Martin,TB,RB,11,37
Latavius Murray,MIN,RB,9,38
C.J. Prosise,SEA,RB,6,39
Jonathan Stewart,CAR,RB,11,40
Duke Johnson,CLE,RB,9,41
Derrick Henry,TEN,RB,8,42
Giovani Bernard,CIN,RB,6,43
James White,NE,RB,9,44
Jeremy Hill,CIN,RB,6,45
Samaje Perine,WAS,RB,5,46
Charles Sims,TB,RB,11,47
Darren Sproles,PHI,RB,10,48
Alvin Kamara,NO,RB,5,49
Thomas Rawls,SEA,RB,6,50
Kareem Hunt,KC,RB,10,51
Jerick McKinnon,MIN,RB,9,52
LeGarrette Blount,PHI,RB,,53
Jamaal Williams,GB,RB,8,54
Ryan Mathews,PHI,RB,10,55
Chris Thompson,WAS,RB,5,56
Rex Burkhead,NE,RB,9,57
Marlon Mack,IND,RB,11,58
Joe Williams,SF,RB,11,59
Wendell Smallwood,PHI,RB,10,60
Kerwynn Williams,ARI,RB,8,61
T.J. Yeldon,JAC,RB,8,62
Zach Zenner,DET,RB,7,63
Terrance West,BAL,RB,10,64
D'Onta Foreman,HOU,RB,7,65
Jeremy McNichols,TB,RB,11,66
Wayne Gallman,NYG,RB,8,67
Jacquizz Rodgers,TB,RB,11,68
DeAndre Washington,OAK,RB,10,69
Tim Hightower,SF,RB,11,70
Chris Ivory,JAC,RB,8,71
Shane Vereen,NYG,RB,8,72
Jalen Richard,OAK,RB,10,73
Jeremy Langford,CHI,RB,8,74
Devontae Booker,DEN,RB,5,75
Darren McFadden,DAL,RB,6,76
Donnel Pumphrey,PHI,RB,10,77
Robert Turbin,IND,RB,11,78
Lance Dunbar,LAR,RB,8,79
Tarik Cohen,CHI,RB,8,80
Malcolm Brown,LAR,RB,8,81
James Conner,PIT,RB,9,82
Jonathan Williams,BUF,RB,6,83
Charcandrick West,KC,RB,10,84
Branden Oliver,LAC,RB,9,85
Kenyan Drake,MIA,RB,11,86
Damien Williams,MIA,RB,11,87
Alfred Blue,HOU,RB,7,88
Shaun Draughn,NYG,RB,8,89
Cameron Artis-Payne,CAR,RB,11,90
Kenneth Farrow,LAC,RB,9,91