Name,Team,Pos,BYE,POS. RANK
Antonio Brown,PIT,WR,9,1
Odell Beckham Jr.,NYG,WR,8,2
Julio Jones,ATL,WR,5,3
Mike Evans,TB,WR,11,4
A.J. Green,CIN,WR,6,5
Jordy Nelson,GB,WR,8,6
T.Y. Hilton,IND,WR,11,7
Dez Bryant,DAL,WR,6,8
Michael Thomas,NO,WR,5,9
Amari Cooper,OAK,WR,10,10
DeAndre Hopkins,HOU,WR,7,11
Doug Baldwin,SEA,WR,6,12
Demaryius Thomas,DEN,WR,5,13
Alshon Jeffery,PHI,WR,10,14
Keenan Allen,LAC,WR,9,15
Brandin Cooks,NE,WR,9,16
Allen Robinson,JAC,WR,8,17
Jarvis Landry,MIA,WR,11,18
Sammy Watkins,BUF,WR,6,19
Davante Adams,GB,WR,8,20
Golden Tate,DET,WR,7,21
Michael Crabtree,OAK,WR,10,22
Larry Fitzgerald,ARI,WR,8,23
Julian Edelman,NE,WR,9,24
Terrelle Pryor,WAS,WR,5,25
Emmanuel Sanders,DEN,WR,5,26
Stefon Diggs,MIN,WR,9,27
Donte Moncrief,IND,WR,11,28
Jamison Crowder,WAS,WR,5,29
Brandon Marshall,NYG,WR,8,30
Tyreek Hill,KC,WR,10,31
Eric Decker,NYJ,WR,11,32
Kelvin Benjamin,CAR,WR,11,33
Willie Snead,NO,WR,5,34
Pierre Garcon,SF,WR,11,35
DeSean Jackson,TB,WR,11,36
Corey Davis,TEN,WR,8,37
Jordan Matthews,PHI,WR,10,38
Rishard Matthews,TEN,WR,8,39
Corey Coleman,CLE,WR,9,40
Randall Cobb,GB,WR,8,41
Martavis Bryant,PIT,WR,9,42
Devante Parker,MIA,WR,11,43
Cameron Meredith,CHI,WR,8,44
Kenny Britt,CLE,WR,9,45
Adam Thielen,MIN,WR,9,46
Jeremy Maclin,KC,WR,10,47
Mike Williams,LAC,WR,9,48
John Brown,ARI,WR,8,49
Tyrell Williams,LAC,WR,9,50
Sterling Shepard,NYG,WR,8,51
Mike Wallace,BAL,WR,10,52
Marvin Jones,DET,WR,7,53
Kevin White,CHI,WR,8,54
Breshad Perriman,BAL,WR,10,55
Robert Woods,LAR,WR,8,56
John Ross,CIN,WR,6,57
Kenny Stills,MIA,WR,11,58
Marqise Lee,JAC,WR,8,59
Tyler Lockett,SEA,WR,6,60
Josh Doctson,WAS,WR,5,61
Ted Ginn,NO,WR,5,62
J.J. Nelson,ARI,WR,8,63
Zay Jones,BUF,WR,6,64
Will Fuller,HOU,WR,7,65
Malcolm Mitchell,NE,WR,9,66
Cole Beasley,DAL,WR,6,67
Taylor Gabriel,ATL,WR,5,68
Quincy Enunwa,NYJ,WR,11,69
Curtis Samuel,CAR,WR,11,70
Robby Anderson,NYJ,WR,11,71
Mohamed Sanu,ATL,WR,5,72
Tavon Austin,LAR,WR,8,73
Juju Smith-Schuster,PIT,WR,9,74
Allen Hurns,JAC,WR,8,75
Dontrelle Inman,LAC,WR,9,76
Travis Benjamin,LAC,WR,9,77
Eli Rogers,PIT,WR,9,78
Laquon Treadwell,MIN,WR,9,79
Chris Conley,KC,WR,10,80
Torrey Smith,PHI,WR,10,81
Devin Funchess,CAR,WR,11,82
Josh Reynolds,LAR,WR,8,83
Cooper Kupp,LAR,WR,8,84
Michael Floyd,MIN,WR,9,85
Tyler Boyd,CIN,WR,6,86
Chris Hogan,NE,WR,9,87
Jeremy Kerley,SF,WR,11,88
Kendall Wright,CHI,WR,8,89
Cordarrelle Patterson,OAK,WR,10,90
Kamar Aiken,IND,WR,11,91
Aldrick Robinson,SF,WR,11,92
ArDarius Stewart,NYJ,WR,11,93
Tajae Sharpe,TEN,WR,8,94
Terrance Williams,DAL,WR,6,95
Nelson Agholor,PHI,WR,10,96
Adam Humphries,TB,WR,11,97
Brandon LaFell,CIN,WR,6,98
Taywan Taylor,TEN,WR,8,99
Jordan Norwood,DEN,WR,5,100
Jaelen Strong,HOU,WR,7,101
Braxton Miller,HOU,WR,7,102
Kenny Golladay,DET,WR,7,103
Sammie Coates,PIT,WR,9,104
Paul Richardson,SEA,WR,6,105
Dede Westbrook,JAC,WR,8,106
Brian Quick,WAS,WR,5,107
Chad Hansen,NYJ,WR,11,108
Ricardo Louis,CLE,WR,9,109
Marquise Goodwin,SF,WR,11,110
Danny Amendola,NE,WR,9,111
Phillip Dorsett,IND,WR,11,112
Paul Turner,PHI,WR,10,113
Markus Wheaton,CHI,WR,8,114
Brandon Coleman,NO,WR,5,115
Aaron Burbridge,SF,WR,11,116
Jaron Brown,ARI,WR,8,117
Seth Roberts,OAK,WR,10,118
Philly Brown,BUF,WR,6,119
Chris Godwin,TB,WR,11,120
Amara Darboh,SEA,WR,6,121
TJ Jones,DET,WR,7,122
Michael Campanaro,BAL,WR,10,123
Justin Hardy,ATL,WR,5,124
Andre Holmes,BUF,WR,6,125
Jermaine Kearse,SEA,WR,6,126
Arrelious Benn,JAC,WR,8,127
Albert Wilson,KC,WR,10,128
Pharoh Cooper,LAR,WR,8,129
Leonte Carroo,MIA,WR,11,130
Bruce Ellington,SF,WR,11,131
Chris Moore,BAL,WR,10,132
Jeff Janis,GB,WR,8,133
Russell Shepard,CAR,WR,11,134
Brice Butler,DAL,WR,6,135
Mack Hollins,PHI,WR,10,136
Dwayne Harris,NYG,WR,8,137
Bennie Fowler,DEN,WR,5,138
Rashard Higgins,CLE,WR,9,139
Bryan Walters,JAC,WR,8,140
Geronimo Allison,GB,WR,8,141