Name,Team,Pos,BYE,POS. RANK
Rob Gronkowski,NE,TE,9,1
Travis Kelce,KC,TE,10,2
Jordan Reed,WAS,TE,5,3
Greg Olsen,CAR,TE,11,4
Tyler Eifert,CIN,TE,6,5
Jimmy Graham,SEA,TE,6,6
Delanie Walker,TEN,TE,8,7
Kyle Rudolph,MIN,TE,9,8
Martellus Bennett,GB,TE,8,9
Zach Ertz,PHI,TE,10,10
Hunter Henry,LAC,TE,9,11
Eric Ebron,DET,TE,7,12
Jack Doyle,IND,TE,11,13
C.J. Fiedorowicz,HOU,TE,7,14
O.J. Howard,TB,TE,11,15
Cameron Brate,TB,TE,11,16
Jason Witten,DAL,TE,6,17
Antonio Gates,LAC,TE,9,18
Julius Thomas,MIA,TE,11,19
Coby Fleener,NO,TE,5,20
Zach Miller,CHI,TE,8,21
Jesse James,PIT,TE,9,22
Evan Engram,NYG,TE,8,23
David Njoku,CLE,TE,9,24
Austin Hooper,ATL,TE,5,25
Jared Cook,OAK,TE,10,26
Dennis Pitta,BAL,TE,10,27
Charles Clay,BUF,TE,6,28
Tyler Higbee,LAR,TE,8,29
Adam Shaheen,CHI,TE,8,30
Vance McDonald,SF,TE,11,31
Dwayne Allen,NE,TE,9,32
Virgil Green,DEN,TE,5,33
Gerald Everett,LAR,TE,8,34
Jermaine Gresham,ARI,TE,8,35
Lance Kendricks,GB,TE,8,36
Vernon Davis,WAS,TE,5,37
A.J. Derby,DEN,TE,5,38
Will Tye,NYG,TE,8,39
Austin Seferian-Jenkins,NYJ,TE,11,40
Jordan Leggett,NYJ,TE,11,41
Clive Walford,OAK,TE,10,42
Garrett Celek,SF,TE,11,43
Mychal Rivera,JAC,TE,8,44
Marcedes Lewis,JAC,TE,8,45
Bucky Hodges,MIN,TE,9,46
Erik Swoope,IND,TE,11,47
Anthony Fasano,MIA,TE,11,48
Jonnu Smith,TEN,TE,8,49
Brent Celek,PHI,TE,10,50
Tyler Kroft,CIN,TE,6,51
Josh Hill,NO,TE,5,52
Benjamin Watson,BAL,TE,10,53
Gavin Escobar,KC,TE,10,54
Ed Dickson,CAR,TE,11,55
Luke Willson,SEA,TE,6,56